"Parent Molecule ChEMBL ID";"Parent Molecule Name";"Parent Molecule Type";"Max Phase";"First Approval";"USAN Stem";"Smiles";"Mechanism of Action";"Mechanism Comment";"Selectivity Comment";"Target ChEMBL ID";"Target Name";"Action Type";"Target Type";"Target Organism";"Binding Site Name";"Binding Site Comment";"References";"Synonyms";"Parent Molecule ChEMBL ID"
"CHEMBL1774080";"PF-00217830";"Small molecule";"2";"None";"";"O=C1CCc2ccc(OCCCCN3CCN(c4cccc5ccccc45)CC3)nc2N1";"Dopamine D2 receptor partial agonist";"";"";"CHEMBL217";"D(2) dopamine receptor";"PARTIAL AGONIST";"SINGLE PROTEIN";"Homo sapiens";"";"";"{'CHEMBL1774080': [{'ref_id': '21353774', 'ref_url': 'https://pubmed.ncbi.nlm.nih.gov/21353774/', 'ref_type': 'PubMed'}]}";"Pf-00217830";"CHEMBL1774080"
"CHEMBL12713";"SERTINDOLE";"Small molecule";"4";"1996";"";"O=C1NCCN1CCN1CCC(c2cn(-c3ccc(F)cc3)c3ccc(Cl)cc23)CC1";"Dopamine D2 receptor antagonist";"Sertindole was developed as an antipsychotic drug. It is a potent antagonist at dopamine D2, serotonin 5-HT2, and α1-adrenergic receptors with high affinity. Additionally, Sertindole suppresses potassium channel in the brain and heart. It also induces both autophagy and ROS generation in neuroblastoma cells.";"It has high affinity for dopamine D2, serotonin 5-HT2, and α1-adrenergic receptors.";"CHEMBL217";"D(2) dopamine receptor";"ANTAGONIST";"SINGLE PROTEIN";"Homo sapiens";"";"";"{'CHEMBL12713': [{'ref_id': '16925508', 'ref_url': 'http://europepmc.org/abstract/MED/16925508', 'ref_type': 'PubMed'}, {'ref_id': '22791154', 'ref_url': 'http://europepmc.org/abstract/MED/22791154', 'ref_type': 'PubMed'}, {'ref_id': '22992213', 'ref_url': 'http://europepmc.org/abstract/MED/22992213', 'ref_type': 'PubMed'}, {'ref_id': '25830594', 'ref_url': 'http://europepmc.org/abstract/MED/25830594', 'ref_type': 'PubMed'}]}";"Sertindole (BAN, INN, MI, USAN)|";"CHEMBL12713"
"CHEMBL399510";"BROMOPRIDE";"Small molecule";"3";"None";"'-pride'";"CCN(CC)CCNC(=O)c1cc(Br)c(N)cc1OC";"Dopamine D2 receptor antagonist";"";"";"CHEMBL217";"D(2) dopamine receptor";"ANTAGONIST";"SINGLE PROTEIN";"Homo sapiens";"";"";"{'CHEMBL399510': [{'ref_id': '7823770', 'ref_url': 'https://pubmed.ncbi.nlm.nih.gov/7823770/', 'ref_type': 'PubMed'}]}";"Bromopride (INN)|";"CHEMBL399510"
"CHEMBL2105760";"BREXPIPRAZOLE";"Small molecule";"4";"2015";"'-prazole'";"O=c1ccc2ccc(OCCCCN3CCN(c4cccc5sccc45)CC3)cc2[nH]1";"Dopamine D2 receptor partial agonist";"";"";"CHEMBL217";"D(2) dopamine receptor";"PARTIAL AGONIST";"SINGLE PROTEIN";"Homo sapiens";"";"";"{'CHEMBL2105760': [{'ref_id': 'label/2015/205422s000lbl.pdf', 'ref_url': 'http://www.accessdata.fda.gov/drugsatfda_docs/label/2015/205422s000lbl.pdf', 'ref_type': 'FDA'}]}";"Brexpiprazole (INN, JAN, MI, USAN)|";"CHEMBL2105760"
"CHEMBL5314394";"SB-773812";"Small molecule";"2";"None";"";"COc1cc2c(cc1S(=O)(=O)c1ccc(OCc3ccc(Cl)cc3)cc1)CCN(C)CC2";"Dopamine D2 receptor antagonist";"";"";"CHEMBL217";"D(2) dopamine receptor";"ANTAGONIST";"SINGLE PROTEIN";"Homo sapiens";"";"";"{'CHEMBL5314394': [{'ref_id': '21421726', 'ref_url': 'http://europepmc.org/abstract/MED/21421726', 'ref_type': 'PubMed'}]}";"Sb-773812";"CHEMBL5314394"
"CHEMBL84158";"TIAPRIDE";"Small molecule";"3";"None";"'-pride'";"CCN(CC)CCNC(=O)c1cc(S(C)(=O)=O)ccc1OC";"Dopamine D2 receptor antagonist";"";"";"CHEMBL217";"D(2) dopamine receptor";"ANTAGONIST";"SINGLE PROTEIN";"Homo sapiens";"";"";"{'CHEMBL84158': [{'ref_id': 'https://mri.cts-mrp.eu/human/downloads/NL_H_0664_001_FinalPI_4of4.pdf', 'ref_url': 'https://mri.cts-mrp.eu/human/downloads/NL_H_0664_001_FinalPI_4of4.pdf', 'ref_type': 'Other'}, {'ref_id': '10468312', 'ref_url': 'http://europepmc.org/abstract/MED/10468312', 'ref_type': 'PubMed'}, {'ref_id': '17076934', 'ref_url': 'http://europepmc.org/abstract/MED/17076934', 'ref_type': 'PubMed'}]}";"Tiapride hydrochloride (MI)|Tiapride (INN)|";"CHEMBL84158"
"CHEMBL419792";"SUMANIROLE";"Small molecule";"3";"None";"";"CN[C@@H]1Cc2cccc3[nH]c(=O)n(c23)C1";"Dopamine D2 receptor agonist";"";"";"CHEMBL217";"D(2) dopamine receptor";"AGONIST";"SINGLE PROTEIN";"Homo sapiens";"";"";"{'CHEMBL419792': [{'ref_id': '15980060', 'ref_url': 'http://europepmc.org/abstract/MED/15980060', 'ref_type': 'PubMed'}, {'ref_id': '20346635', 'ref_url': 'http://europepmc.org/abstract/MED/20346635', 'ref_type': 'PubMed'}]}";"Sumanirole (INN)|";"CHEMBL419792"
"CHEMBL178803";"BLONANSERIN";"Small molecule";"4";"None";"'-anserin'";"CCN1CCN(c2cc(-c3ccc(F)cc3)c3c(n2)CCCCCC3)CC1";"Dopamine D2 receptor antagonist";"";"Also has high affinity for 5-HT6 receptors. Low affinity for 5-HT2C, adrenergic α1, histamine H1, muscarinic (M1) receptors and 5-HT1A receptors. Blonanserin has lower affinity for 5-HT2 receptors (Ki = 0.812 nM) compared to D2 receptors (Ki = 0.142 nM), its active metabolite, AD-6048, has highest affinity for D3 receptors.";"CHEMBL217";"D(2) dopamine receptor";"ANTAGONIST";"SINGLE PROTEIN";"Homo sapiens";"";"";"{'CHEMBL178803': [{'ref_id': '20460137', 'ref_url': 'http://europepmc.org/abstract/MED/20460137', 'ref_type': 'PubMed'}, {'ref_id': '23766647', 'ref_url': 'http://europepmc.org/abstract/MED/23766647', 'ref_type': 'PubMed'}]}";"Blonanserin (INN, JAN, MI)|";"CHEMBL178803"
"CHEMBL728";"PROCHLORPERAZINE";"Small molecule";"4.0";"1956";"";"CN1CCN(CCCN2c3ccccc3Sc3ccc(Cl)cc32)CC1";"Dopamine D2 receptor antagonist";"";"";"CHEMBL217";"D(2) dopamine receptor";"ANTAGONIST";"SINGLE PROTEIN";"Homo sapiens";"";"";"{'CHEMBL728': [{'ref_id': 'setid=ea381bc5-0957-4c91-826a-0ff680cebacc#nlm34090-1', 'ref_url': 'http://dailymed.nlm.nih.gov/dailymed/lookup.cfm?setid=ea381bc5-0957-4c91-826a-0ff680cebacc#nlm34090-1', 'ref_type': 'DailyMed'}, {'ref_id': '0443-059748 PP. 379, 489', 'ref_url': 'http://www.isbnsearch.org/isbn/0443059748', 'ref_type': 'ISBN'}], 'CHEMBL1314751': [{'ref_id': 'setid=ea381bc5-0957-4c91-826a-0ff680cebacc#nlm34090-1', 'ref_url': 'http://dailymed.nlm.nih.gov/dailymed/lookup.cfm?setid=ea381bc5-0957-4c91-826a-0ff680cebacc#nlm34090-1', 'ref_type': 'DailyMed'}, {'ref_id': '0443-059748 PP. 379, 489', 'ref_url': 'http://www.isbnsearch.org/isbn/0443059748', 'ref_type': 'ISBN'}], 'CHEMBL1201154': [{'ref_id': 'label/2010/089903s018lbl.pdf', 'ref_url': 'http://www.accessdata.fda.gov/drugsatfda_docs/label/2010/089903s018lbl.pdf', 'ref_type': 'FDA'}]}";"Prochlorperazine dimaleate (MI)|Prochlorperazine (INN, MI)|";"CHEMBL728"
"CHEMBL325109";"CLEBOPRIDE";"Small molecule";"2";"None";"'-pride'";"COc1cc(N)c(Cl)cc1C(=O)NC1CCN(Cc2ccccc2)CC1";"Dopamine D2 receptor antagonist";"Clebopride, a D-2 dopamine antagonist with antiemetic and prokinetic properties, can improve the bowel cleansing efficacy. Clebopride also stimulates peripheral 5-HT4 receptors and shortens intestinal transit time.";"A receptor binding assay revealed that clebopride bound to the D2 dopamine receptor with a high affinity and to the alpha-2 adrenoceptor and 5-HT2 serotonin receptor with relatively lower affinity, and not to D1 dopamine, alpha-1 adrenergic, muscarinic acetylcholine, H1 histamine, or opioid receptor.";"CHEMBL217";"D(2) dopamine receptor";"ANTAGONIST";"SINGLE PROTEIN";"Homo sapiens";"";"";"{'CHEMBL325109': [{'ref_id': '1851838', 'ref_url': 'http://europepmc.org/abstract/MED/1851838', 'ref_type': 'PubMed'}, {'ref_id': '20305329', 'ref_url': 'http://europepmc.org/abstract/MED/20305329', 'ref_type': 'PubMed'}, {'ref_id': '22356640', 'ref_url': 'http://europepmc.org/abstract/MED/22356640', 'ref_type': 'PubMed'}, {'ref_id': '22816078', 'ref_url': 'http://europepmc.org/abstract/MED/22816078', 'ref_type': 'PubMed'}]}";"Clebopride (BAN, INN, USAN)|Clebopride malate (JAN, MI)|";"CHEMBL325109"
"CHEMBL290194";"ALIZAPRIDE";"Small molecule";"3";"None";"'-pride'";"C=CCN1CCCC1CNC(=O)c1cc2nn[nH]c2cc1OC";"Dopamine D2 receptor antagonist";"";"";"CHEMBL217";"D(2) dopamine receptor";"ANTAGONIST";"SINGLE PROTEIN";"Homo sapiens";"";"";"{'CHEMBL290194': [{'ref_id': '30233361', 'ref_url': 'http://europepmc.org/abstract/MED/30233361', 'ref_type': 'PubMed'}]}";"Alizapride (INN)|";"CHEMBL290194"
"CHEMBL2110659";"APLINDORE";"Small molecule";"2";"None";"'-dore'";"O=C1Cc2c(ccc3c2O[C@@H](CNCc2ccccc2)CO3)N1";"Dopamine D2 receptor partial agonist";"";"";"CHEMBL217";"D(2) dopamine receptor";"PARTIAL AGONIST";"SINGLE PROTEIN";"Homo sapiens";"";"";"{'CHEMBL2104864': [{'ref_id': '17056032', 'ref_url': 'http://europepmc.org/abstract/MED/17056032', 'ref_type': 'PubMed'}]}";"Aplindore fumarate (USAN)|Palindore (INN)|Aplindore (INN)|";"CHEMBL2110659"
"CHEMBL3306803";"LUMATEPERONE";"Small molecule";"4";"2019";"'-perone'";"CN1CCN2c3c(cccc31)[C@@H]1CN(CCCC(=O)c3ccc(F)cc3)CC[C@@H]12";"Dopamine D2 receptor antagonist";"Atypical antipsychotic, shows partial agonism at the presynaptic D2 receptors and acts as an antagonist at postsynaptic D2 receptors (PMID: 25120104).";"";"CHEMBL217";"D(2) dopamine receptor";"ANTAGONIST";"SINGLE PROTEIN";"Homo sapiens";"";"";"{'CHEMBL3306803': [{'ref_id': 'label/2019/209500s000lbl.pdf', 'ref_url': 'https://www.accessdata.fda.gov/drugsatfda_docs/label/2019/209500s000lbl.pdf', 'ref_type': 'FDA'}, {'ref_id': 'nda/2019/209500Orig1s000MultidisciplineR.pdf', 'ref_url': 'https://www.accessdata.fda.gov/drugsatfda_docs/nda/2019/209500Orig1s000MultidisciplineR.pdf', 'ref_type': 'FDA'}, {'ref_id': '24559051', 'ref_url': 'http://europepmc.org/abstract/MED/24559051', 'ref_type': 'PubMed'}, {'ref_id': '25120104', 'ref_url': 'http://europepmc.org/abstract/MED/25120104', 'ref_type': 'PubMed'}]}";"Lumateperone tosylate (USAN)|Lumateperone (INN, USAN)|";"CHEMBL3306803"
"CHEMBL3234237";"JNJ-37822681";"Small molecule";"2";"None";"";"Fc1ccc(CN2CCC(Nc3ccc(C(F)(F)F)nn3)CC2)cc1F";"Dopamine D2 receptor antagonist";"";"";"CHEMBL217";"D(2) dopamine receptor";"ANTAGONIST";"SINGLE PROTEIN";"Homo sapiens";"";"";"{'CHEMBL3234237': [{'ref_id': '21890591', 'ref_url': 'http://europepmc.org/abstract/MED/21890591', 'ref_type': 'PubMed'}, {'ref_id': '22490380', 'ref_url': 'http://europepmc.org/abstract/MED/22490380', 'ref_type': 'PubMed'}]}";"Jnj-37822681";"CHEMBL3234237"
"CHEMBL2218861";"QUINAGOLIDE";"Small molecule";"4";"2004";"";"CCCN1CC(NS(=O)(=O)N(CC)CC)CC2Cc3c(O)cccc3CC21";"Dopamine D2 receptor agonist";"";"";"CHEMBL217";"D(2) dopamine receptor";"AGONIST";"SINGLE PROTEIN";"Homo sapiens";"";"";"{'CHEMBL2218861': [{'ref_id': 'https://bnf.nice.org.uk/drug/quinagolide.html', 'ref_url': 'https://bnf.nice.org.uk/drug/quinagolide.html', 'ref_type': 'BNF'}]}";"Quinagolide (INN, MI)|";"CHEMBL2218861"
"CHEMBL1584";"PIPERACETAZINE";"Small molecule";"4";"1969";"";"CC(=O)c1ccc2c(c1)N(CCCN1CCC(CCO)CC1)c1ccccc1S2";"Dopamine D2 receptor antagonist";"";"";"CHEMBL217";"D(2) dopamine receptor";"ANTAGONIST";"SINGLE PROTEIN";"Homo sapiens";"";"";"{'CHEMBL1584': [{'ref_id': '37732905', 'ref_url': 'https://pubmed.ncbi.nlm.nih.gov/37732905/', 'ref_type': 'PubMed'}]}";"Piperacetazine (INN, USAN, USP)|";"CHEMBL1584"
"CHEMBL1201328";"CARPHENAZINE";"Small molecule";"4";"1982";"";"CCC(=O)c1ccc2c(c1)N(CCCN1CCN(CCO)CC1)c1ccccc1S2";"Dopamine D2 receptor antagonist";"";"";"CHEMBL217";"D(2) dopamine receptor";"ANTAGONIST";"SINGLE PROTEIN";"Homo sapiens";"";"";"{'CHEMBL2358147': [{'ref_id': '0443-059748 PP. 544', 'ref_url': 'http://www.isbnsearch.org/isbn/0443059748', 'ref_type': 'ISBN'}, {'ref_id': '4889058', 'ref_url': 'http://europepmc.org/abstract/MED/4889058', 'ref_type': 'PubMed'}, {'ref_id': 'Carphenazine', 'ref_url': 'http://en.wikipedia.org/wiki/Carphenazine', 'ref_type': 'Wikipedia'}]}";"Carphenazine dimaleate (MI)|Carphenazine maleate (USAN, USP)|Carfenazine (BAN, INN)|";"CHEMBL1201328"
"CHEMBL297302";"BENPERIDOL";"Small molecule";"4";"None";"";"O=C(CCCN1CCC(n2c(=O)[nH]c3ccccc32)CC1)c1ccc(F)cc1";"Dopamine D2 receptor antagonist";"Benperidol is a butyrophenone derivative and a specific dopamine antagonist, selective for the D2 receptor. It also binds to serotonin receptors but to a lesser extent. In high doses it has anti histaminergic and alpha-adrenergic properties but its anticholinergic effects are small.";"";"CHEMBL217";"D(2) dopamine receptor";"ANTAGONIST";"SINGLE PROTEIN";"Homo sapiens";"";"Benperidol has high affinity and selectivity for binding to central D2-like specific binding sites.";"{'CHEMBL297302': [{'ref_id': '15846648', 'ref_url': 'http://europepmc.org/abstract/MED/15846648', 'ref_type': 'PubMed'}, {'ref_id': '18355689', 'ref_url': 'http://europepmc.org/abstract/MED/18355689', 'ref_type': 'PubMed'}, {'ref_id': '22535514', 'ref_url': 'http://europepmc.org/abstract/MED/22535514', 'ref_type': 'PubMed'}, {'ref_id': '6108081', 'ref_url': 'http://europepmc.org/abstract/MED/6108081', 'ref_type': 'PubMed'}]}";"Benperidol (BAN, INN, MI, USAN)|";"CHEMBL297302"
"CHEMBL2105581";"VERALIPRIDE";"Small molecule";"4";"1979";"'-pride'";"C=CCN1CCCC1CNC(=O)c1cc(S(N)(=O)=O)cc(OC)c1OC";"Dopamine D2 receptor antagonist";"Induces prolactin secretion without any estrogenic or progestagenic effects.";"";"CHEMBL217";"D(2) dopamine receptor";"ANTAGONIST";"SINGLE PROTEIN";"Homo sapiens";"";"";"{'CHEMBL2105581': [{'ref_id': '20852674', 'ref_url': 'http://europepmc.org/abstract/MED/20852674', 'ref_type': 'PubMed'}]}";"Veralipride (INN)|";"CHEMBL2105581"
"CHEMBL218166";"BIFEPRUNOX";"Small molecule";"3";"None";"";"O=c1[nH]c2cccc(N3CCN(Cc4cccc(-c5ccccc5)c4)CC3)c2o1";"Dopamine D2 receptor partial agonist";"";"High affinity: D3 and D4 receptors. Low affinity: a1, 5HT2A, 5HT2C, H1 and muscarinic receptors ";"CHEMBL217";"D(2) dopamine receptor";"PARTIAL AGONIST";"SINGLE PROTEIN";"Homo sapiens";"";"";"{'CHEMBL218166': [{'ref_id': '18597078', 'ref_url': 'http://europepmc.org/abstract/MED/18597078', 'ref_type': 'PubMed'}]}";"Bifeprunox (INN, MI, USAN)|Bifeprunox mesylate (USAN)|Bifeprunox methanesulfonate (MI)|";"CHEMBL218166"
"CHEMBL220808";"SARIZOTAN";"Small molecule";"3";"None";"'-zotan'";"Fc1ccc(-c2cncc(CNC[C@H]3CCc4ccccc4O3)c2)cc1";"Dopamine D2 receptor partial agonist";"Development discontunued, failed to meet primary efficacy endpoints, no difference between drug and placebo. Newron developing drug for Rett syndrome and received EMA and FDA orphan designation in July 2015. Agonist/partial agonistic/antagonsitic effect depending on dopamine receptor isoform.";"";"CHEMBL217";"D(2) dopamine receptor";"PARTIAL AGONIST";"SINGLE PROTEIN";"Homo sapiens";"";"";"{'CHEMBL2146110': [{'ref_id': '14767715', 'ref_url': 'http://europepmc.org/abstract/MED/14767715', 'ref_type': 'PubMed'}, {'ref_id': '16844149', 'ref_url': 'http://europepmc.org/abstract/MED/16844149', 'ref_type': 'PubMed'}]}";"Sarizotan (INN, MI)|Sarizotan hydrochloride (USAN, USAN)|";"CHEMBL220808"
"CHEMBL2219425";"ARIPIPRAZOLE LAUROXIL";"Small molecule";"4";"2015";"'-prazole'";"CCCCCCCCCCCC(=O)OCN1C(=O)CCc2ccc(OCCCCN3CCN(c4cccc(Cl)c4Cl)CC3)cc21";"Dopamine D2 receptor partial agonist";"Prodrug of aripiprazole";"";"CHEMBL217";"D(2) dopamine receptor";"PARTIAL AGONIST";"SINGLE PROTEIN";"Homo sapiens";"";"";"{'CHEMBL2219425': [{'ref_id': 'setid=17a8d11b-73b0-4833-a0b4-cf1ef85edefb', 'ref_url': 'http://dailymed.nlm.nih.gov/dailymed/drugInfo.cfm?setid=17a8d11b-73b0-4833-a0b4-cf1ef85edefb', 'ref_type': 'DailyMed'}]}";"Aripiprazole lauroxil (MI, USAN)|";"CHEMBL2219425"
"CHEMBL267044";"LEVOSULPIRIDE";"Small molecule";"2";"None";"";"CCN1CCC[C@H]1CNC(=O)c1cc(S(N)(=O)=O)ccc1OC";"Dopamine D2 receptor antagonist";"";"";"CHEMBL217";"D(2) dopamine receptor";"ANTAGONIST";"SINGLE PROTEIN";"Homo sapiens";"";"";"{'CHEMBL267044': [{'ref_id': '20850200', 'ref_url': 'https://pubmed.ncbi.nlm.nih.gov/20850200/', 'ref_type': 'PubMed'}]}";"Levosulpiride (INN)|Sulpiride l-form (MI)|";"CHEMBL267044"
"CHEMBL4650342";"ONZIGOLIDE";"Unknown";"2";"None";"";"CCCN1C[C@H](CSCC(=O)NCCCC[C@@H](NC(=O)CSC[C@@H]2C[C@@H]3c4cccc5[nH]cc(c45)C[C@H]3N(CCC)C2)C(=O)N[C@H]2CSSC[C@@H](C(=O)N[C@H](C(N)=O)[C@@H](C)O)NC(=O)[C@H](CC)NC(=O)[C@H](CCCCN)NC(=O)[C@@H](Cc3c[nH]c4ccccc34)NC(=O)[C@H](Cc3ccc(O)cc3)NC2=O)C[C@@H]2c3cccc4[nH]cc(c34)C[C@H]21";"Dopamine D2 receptor agonist";"";"";"CHEMBL217";"D(2) dopamine receptor";"AGONIST";"SINGLE PROTEIN";"Homo sapiens";"";"";"{'CHEMBL4650342': [{'ref_id': '28181484', 'ref_url': 'https://pubmed.ncbi.nlm.nih.gov/28181484/', 'ref_type': 'PubMed'}]}";"Onzigolide (INN)|";"CHEMBL4650342"
"CHEMBL22242";"REMOXIPRIDE";"Small molecule";"4.0";"1990";"'-pride'";"CCN1CCC[C@H]1CNC(=O)c1c(OC)ccc(Br)c1OC";"Dopamine D2 receptor antagonist";"Remoxipride binds specifically to the D2 receptor and has little affinity for other central receptors e.g. adrenergic, muscarinic and 5-HT receptors. Therefore, the incidence of adverse effects is less than with other antipsychotics. Dopamine binding to the D2 receptor inhibits the prolactin release from the pituitary into plasma, and therefore, D2 antagonism induces its release.";"";"CHEMBL217";"D(2) dopamine receptor";"ANTAGONIST";"SINGLE PROTEIN";"Homo sapiens";"";"";"{'CHEMBL3989556': [{'ref_id': '1978484', 'ref_url': 'http://europepmc.org/abstract/MED/1978484', 'ref_type': 'PubMed'}, {'ref_id': '1978494', 'ref_url': 'http://europepmc.org/abstract/MED/1978494', 'ref_type': 'PubMed'}, {'ref_id': '21903866', 'ref_url': 'http://europepmc.org/abstract/MED/21903866', 'ref_type': 'PubMed'}, {'ref_id': '27395799', 'ref_url': 'http://europepmc.org/abstract/MED/27395799', 'ref_type': 'PubMed'}, {'ref_id': '27785749', 'ref_url': 'http://europepmc.org/abstract/MED/27785749', 'ref_type': 'PubMed'}], 'CHEMBL22242': [{'ref_id': '1978484', 'ref_url': 'http://europepmc.org/abstract/MED/1978484', 'ref_type': 'PubMed'}, {'ref_id': '1978494', 'ref_url': 'http://europepmc.org/abstract/MED/1978494', 'ref_type': 'PubMed'}, {'ref_id': '21903866', 'ref_url': 'http://europepmc.org/abstract/MED/21903866', 'ref_type': 'PubMed'}, {'ref_id': '27395799', 'ref_url': 'http://europepmc.org/abstract/MED/27395799', 'ref_type': 'PubMed'}, {'ref_id': '27785749', 'ref_url': 'http://europepmc.org/abstract/MED/27785749', 'ref_type': 'PubMed'}]}";"Remoxipride (BAN, INN, USAN)|Remoxipride hydrochloride (USAN)|Remoxipride hydrochloride monohydrate (MI)|";"CHEMBL22242"
"CHEMBL708";"ZIPRASIDONE";"Small molecule";"4.0";"2001";"'-sidone'";"O=C1Cc2cc(CCN3CCN(c4nsc5ccccc45)CC3)c(Cl)cc2N1";"Dopamine D2 receptor antagonist";"";"";"CHEMBL217";"D(2) dopamine receptor";"ANTAGONIST";"SINGLE PROTEIN";"Homo sapiens";"";"";"{'CHEMBL3989833': [{'ref_id': 'setid=5c03ca62-5dd5-4cf5-abc7-b0c2873503dd#nlm34090-1', 'ref_url': 'http://dailymed.nlm.nih.gov/dailymed/lookup.cfm?setid=5c03ca62-5dd5-4cf5-abc7-b0c2873503dd#nlm34090-1', 'ref_type': 'DailyMed'}], 'CHEMBL1375743': [{'ref_id': 'setid=5c03ca62-5dd5-4cf5-abc7-b0c2873503dd#nlm34090-1', 'ref_url': 'http://dailymed.nlm.nih.gov/dailymed/lookup.cfm?setid=5c03ca62-5dd5-4cf5-abc7-b0c2873503dd#nlm34090-1', 'ref_type': 'DailyMed'}]}";"Ziprasidone hydrochloride (USAN, USP)|Ziprasidone hydrochloride hydrate (JAN)|Ziprasidone hydrochloride monohydrate (MI)|Ziprasidone mesylate (USAN)|Ziprasidone (BAN, INN, MI)|";"CHEMBL708"
"CHEMBL28218";"BROMPERIDOL";"Small molecule";"4";"None";"";"O=C(CCCN1CCC(O)(c2ccc(Br)cc2)CC1)c1ccc(F)cc1";"Dopamine D2 receptor antagonist";"Bromperidol has potent antagonistic effects for dopamine D2 receptors in contrast to very weak affinity for other receptors such as dopamine D1, 5-HT2, norepinephrine, and acetylcholine. It was also reported to be bactericidal and greatly enhanced the activities of several antibiotics and drug combinations against M. tuberculosis. (PMID:21576426)";"";"CHEMBL217";"D(2) dopamine receptor";"ANTAGONIST";"SINGLE PROTEIN";"Homo sapiens";"";"";"{'CHEMBL28218': [{'ref_id': '17362435', 'ref_url': 'http://europepmc.org/abstract/MED/17362435', 'ref_type': 'PubMed'}, {'ref_id': '21576426', 'ref_url': 'http://europepmc.org/abstract/MED/21576426', 'ref_type': 'PubMed'}, {'ref_id': '23427194', 'ref_url': 'http://europepmc.org/abstract/MED/23427194', 'ref_type': 'PubMed'}, {'ref_id': '28357335', 'ref_url': 'http://europepmc.org/abstract/MED/28357335', 'ref_type': 'PubMed'}, {'ref_id': '29078760', 'ref_url': 'http://europepmc.org/abstract/MED/29078760', 'ref_type': 'PubMed'}, {'ref_id': '8786644', 'ref_url': 'http://europepmc.org/abstract/MED/8786644', 'ref_type': 'PubMed'}]}";"Bromperidol (BAN, INN, JAN, MI, USAN)|";"CHEMBL28218"
"CHEMBL46516";"FLUSPIRILENE";"Small molecule";"4";"None";"";"O=C1NCN(c2ccccc2)C12CCN(CCCC(c1ccc(F)cc1)c1ccc(F)cc1)CC2";"Dopamine D2 receptor inhibitor";"";"";"CHEMBL217";"D(2) dopamine receptor";"INHIBITOR";"SINGLE PROTEIN";"Homo sapiens";"";"";"{'CHEMBL46516': [{'ref_id': '29340087', 'ref_url': 'https://pubmed.ncbi.nlm.nih.gov/29340087/', 'ref_type': 'PubMed'}]}";"Fluspirilene (BAN, INN, MI, USAN)|";"CHEMBL46516"
"CHEMBL3545010";"ORDOPIDINE";"Small molecule";"2";"None";"'-dopidine'";"CCN1CCC(c2cccc(S(C)(=O)=O)c2F)CC1";"Dopamine D2 receptor modulator";"Dopidine (dopaminergic stabilizer)";"";"CHEMBL217";"D(2) dopamine receptor";"MODULATOR";"SINGLE PROTEIN";"Homo sapiens";"";"";"{'CHEMBL3545010': [{'ref_id': 'https://gupea.ub.gu.se/bitstream/2077/7535/2/Thesis_Johan_Rung.pdf', 'ref_url': 'https://gupea.ub.gu.se/bitstream/2077/7535/2/Thesis_Johan_Rung.pdf', 'ref_type': 'Other'}, {'ref_id': '24817271', 'ref_url': 'http://europepmc.org/abstract/MED/24817271', 'ref_type': 'PubMed'}]}";"Ordopidine (INN, INN)|";"CHEMBL3545010"
"CHEMBL26";"SULPIRIDE";"Small molecule";"4";"None";"";"CCN1CCCC1CNC(=O)c1cc(S(N)(=O)=O)ccc1OC";"Dopamine D2 receptor antagonist";"";"Selective for D2 over D1 and D3 receptors.";"CHEMBL217";"D(2) dopamine receptor";"ANTAGONIST";"SINGLE PROTEIN";"Homo sapiens";"";"";"{'CHEMBL26': [{'ref_id': '1975644', 'ref_url': 'http://europepmc.org/abstract/MED/1975644', 'ref_type': 'PubMed'}, {'ref_id': '8800626', 'ref_url': 'http://europepmc.org/abstract/MED/8800626', 'ref_type': 'PubMed'}]}";"Sulpiride (BAN, INN, JAN, MI, USAN)|";"CHEMBL26"
"CHEMBL4650340";"TRAZPIROBEN";"Small molecule";"2";"None";"";"O=C(O)c1cccc(CN2CN(C3CCCCC3)C3(CCN(CCCC(=O)c4ccccc4)CC3)C2=O)c1";"Dopamine D2 receptor antagonist";"";"";"CHEMBL217";"D(2) dopamine receptor";"ANTAGONIST";"SINGLE PROTEIN";"Homo sapiens";"";"";"{'CHEMBL4650340': [{'ref_id': '34148244', 'ref_url': 'https://pubmed.ncbi.nlm.nih.gov/34148244/', 'ref_type': 'PubMed'}]}";"Trazpiroben (INN, USAN)|";"CHEMBL4650340"
"CHEMBL2107360";"PALIPERIDONE PALMITATE";"Small molecule";"4";"2009";"";"CCCCCCCCCCCCCCCC(=O)OC1CCCn2c1nc(C)c(CCN1CCC(c3noc4cc(F)ccc34)CC1)c2=O";"Dopamine D2 receptor antagonist";"";"";"CHEMBL217";"D(2) dopamine receptor";"ANTAGONIST";"SINGLE PROTEIN";"Homo sapiens";"";"";"{'CHEMBL2107360': [{'ref_id': 'label/2011/022264s006lbl.pdf', 'ref_url': 'http://www.accessdata.fda.gov/drugsatfda_docs/label/2011/022264s006lbl.pdf', 'ref_type': 'FDA'}]}";"Paliperidone palmitate (JAN, MI, USAN)|";"CHEMBL2107360"
"CHEMBL908";"CHLORPROTHIXENE";"Small molecule";"4";"1967";"";"CN(C)CC/C=C1/c2ccccc2Sc2ccc(Cl)cc21";"Dopamine D2 receptor antagonist";"";"";"CHEMBL217";"D(2) dopamine receptor";"ANTAGONIST";"SINGLE PROTEIN";"Homo sapiens";"";"";"{'CHEMBL908': [{'ref_id': '1830565', 'ref_url': 'http://europepmc.org/abstract/MED/1830565', 'ref_type': 'PubMed'}, {'ref_id': '8101879', 'ref_url': 'http://europepmc.org/abstract/MED/8101879', 'ref_type': 'PubMed'}, {'ref_id': 'Antipsychotic#Mechanism_of_action', 'ref_url': 'http://en.wikipedia.org/wiki/Antipsychotic#Mechanism_of_action', 'ref_type': 'Wikipedia'}, {'ref_id': 'Chlorprothixene#Pharmacology', 'ref_url': 'http://en.wikipedia.org/wiki/Chlorprothixene#Pharmacology', 'ref_type': 'Wikipedia'}]}";"Chlorprothixene (BAN, INN, JAN, MI, USAN, USP)|";"CHEMBL908"
"CHEMBL1112";"ARIPIPRAZOLE";"Small molecule";"4";"2002";"'-prazole'";"O=C1CCc2ccc(OCCCCN3CCN(c4cccc(Cl)c4Cl)CC3)cc2N1";"Dopamine D2 receptor partial agonist";"";"";"CHEMBL217";"D(2) dopamine receptor";"PARTIAL AGONIST";"SINGLE PROTEIN";"Homo sapiens";"";"";"{'CHEMBL1112': [{'ref_id': 'setid=c040bd1d-45b7-49f2-93ea-aed7220b30ac#nlm34090-1', 'ref_url': 'http://dailymed.nlm.nih.gov/dailymed/lookup.cfm?setid=c040bd1d-45b7-49f2-93ea-aed7220b30ac#nlm34090-1', 'ref_type': 'DailyMed'}]}";"Aripiprazole (BAN, INN, JAN, MI, USAN, USP)|";"CHEMBL1112"
"CHEMBL460";"MOLINDONE";"Small molecule";"4";"1974";"";"CCc1c(C)[nH]c2c1C(=O)C(CN1CCOCC1)CC2";"Dopamine D2 receptor antagonist";"";"";"CHEMBL217";"D(2) dopamine receptor";"ANTAGONIST";"SINGLE PROTEIN";"Homo sapiens";"";"";"{'CHEMBL1200419': [{'ref_id': '9342550', 'ref_url': 'http://europepmc.org/abstract/MED/9342550', 'ref_type': 'PubMed'}, {'ref_id': '9353417', 'ref_url': 'http://europepmc.org/abstract/MED/9353417', 'ref_type': 'PubMed'}, {'ref_id': '9577836', 'ref_url': 'http://europepmc.org/abstract/MED/9577836', 'ref_type': 'PubMed'}, {'ref_id': 'Antipsychotic#Mechanism_of_action', 'ref_url': 'http://en.wikipedia.org/wiki/Antipsychotic#Mechanism_of_action', 'ref_type': 'Wikipedia'}, {'ref_id': 'Molindone', 'ref_url': 'http://en.wikipedia.org/wiki/Molindone', 'ref_type': 'Wikipedia'}]}";"Molindone hydrochloride (USAN, USP)|Molindone (BAN, INN, MI)|";"CHEMBL460"
"CHEMBL1621";"PALIPERIDONE";"Small molecule";"4";"2006";"";"Cc1nc2n(c(=O)c1CCN1CCC(c3noc4cc(F)ccc34)CC1)CCCC2O";"Dopamine D2 receptor antagonist";"";"";"CHEMBL217";"D(2) dopamine receptor";"ANTAGONIST";"SINGLE PROTEIN";"Homo sapiens";"";"";"{'CHEMBL1621': [{'ref_id': 'setid=7b8e5b26-b9e4-4704-921b-3c3c0d159916#nlm34090-1', 'ref_url': 'http://dailymed.nlm.nih.gov/dailymed/lookup.cfm?setid=7b8e5b26-b9e4-4704-921b-3c3c0d159916#nlm34090-1', 'ref_type': 'DailyMed'}]}";"Paliperidone (INN, JAN, MI, USAN, USP)|Risperidone impurity, 9-hydroxyrisperidone- (USP)|";"CHEMBL1621"
"CHEMBL1201087";"CABERGOLINE";"Small molecule";"4";"1996";"'-erg-'";"C=CCN1C[C@H](C(=O)N(CCCN(C)C)C(=O)NCC)C[C@@H]2c3cccc4[nH]cc(c34)C[C@H]21";"Dopamine D2 receptor agonist";"Long acting";"";"CHEMBL217";"D(2) dopamine receptor";"AGONIST";"SINGLE PROTEIN";"Homo sapiens";"";"";"{'CHEMBL1201087': [{'ref_id': 'label/2014/020664s013lbl.pdf', 'ref_url': 'http://www.accessdata.fda.gov/drugsatfda_docs/label/2014/020664s013lbl.pdf', 'ref_type': 'FDA'}, {'ref_id': 'Cabergoline', 'ref_url': 'http://en.wikipedia.org/wiki/Cabergoline', 'ref_type': 'Wikipedia'}]}";"Cabergoline (BAN, INN, JAN, MI, USAN, USP)|";"CHEMBL1201087"
"CHEMBL221692";"ADOPRAZINE";"Small molecule";"2";"None";"";"Fc1ccc(-c2cncc(CN3CCN(c4cccc5c4OCCO5)CC3)c2)cc1";"Dopamine D2 receptor antagonist";"";"High affinity for D2, D3, D4, 5-HT2B, and 5-HT1A receptors. Moderate affinity for 5-HT7 and a1 receptors. Weak affinity for 5-HT2A receptors. No affinity at 5-HT4, 5-HT6, a2 (rat), H1 (guinea pig), M1, M4, 5-HT3 receptors, 5-HT transporter.";"CHEMBL217";"D(2) dopamine receptor";"ANTAGONIST";"SINGLE PROTEIN";"Homo sapiens";"";"";"{'CHEMBL221692': [{'ref_id': '16710314', 'ref_url': 'http://europepmc.org/abstract/MED/16710314', 'ref_type': 'PubMed'}]}";"Adoprazine (INN)|";"CHEMBL221692"
"CHEMBL570";"TRIFLUPROMAZINE";"Small molecule";"4.0";"1957";"";"CN(C)CCCN1c2ccccc2Sc2ccc(C(F)(F)F)cc21";"Dopamine D2 receptor antagonist";"";"";"CHEMBL217";"D(2) dopamine receptor";"ANTAGONIST";"SINGLE PROTEIN";"Homo sapiens";"";"";"{'CHEMBL570': [{'ref_id': 'D00390', 'ref_url': 'http://www.kegg.jp/dbget-bin/www_bget?dr:D00390', 'ref_type': 'KEGG'}, {'ref_id': 'http://neurolex.org/wiki/Category:Triflupromazine', 'ref_url': 'http://neurolex.org/wiki/Category:Triflupromazine', 'ref_type': 'Other'}, {'ref_id': '1678146', 'ref_url': 'http://europepmc.org/abstract/MED/1678146', 'ref_type': 'PubMed'}, {'ref_id': '239403', 'ref_url': 'http://europepmc.org/abstract/MED/239403', 'ref_type': 'PubMed'}, {'ref_id': '497523', 'ref_url': 'http://europepmc.org/abstract/MED/497523', 'ref_type': 'PubMed'}, {'ref_id': 'Antipsychotic#Mechanism_of_action', 'ref_url': 'http://en.wikipedia.org/wiki/Antipsychotic#Mechanism_of_action', 'ref_type': 'Wikipedia'}], 'CHEMBL1201102': [{'ref_id': 'D00390', 'ref_url': 'http://www.kegg.jp/dbget-bin/www_bget?dr:D00390', 'ref_type': 'KEGG'}, {'ref_id': 'http://neurolex.org/wiki/Category:Triflupromazine', 'ref_url': 'http://neurolex.org/wiki/Category:Triflupromazine', 'ref_type': 'Other'}, {'ref_id': '1678146', 'ref_url': 'http://europepmc.org/abstract/MED/1678146', 'ref_type': 'PubMed'}, {'ref_id': '239403', 'ref_url': 'http://europepmc.org/abstract/MED/239403', 'ref_type': 'PubMed'}, {'ref_id': '497523', 'ref_url': 'http://europepmc.org/abstract/MED/497523', 'ref_type': 'PubMed'}, {'ref_id': 'Antipsychotic#Mechanism_of_action', 'ref_url': 'http://en.wikipedia.org/wiki/Antipsychotic#Mechanism_of_action', 'ref_type': 'Wikipedia'}]}";"Triflupromazine (INN)|";"CHEMBL570"
"CHEMBL14376";"ILOPERIDONE";"Small molecule";"4";"2009";"";"COc1cc(C(C)=O)ccc1OCCCN1CCC(c2noc3cc(F)ccc23)CC1";"Dopamine D2 receptor antagonist";"";"";"CHEMBL217";"D(2) dopamine receptor";"ANTAGONIST";"SINGLE PROTEIN";"Homo sapiens";"";"";"{'CHEMBL14376': [{'ref_id': 'setid=43452bf8-76e7-47a9-a5d8-41fe84d061f0', 'ref_url': 'http://dailymed.nlm.nih.gov/dailymed/lookup.cfm?setid=43452bf8-76e7-47a9-a5d8-41fe84d061f0', 'ref_type': 'DailyMed'}]}";"Iloperidone (BAN, INN, MI, USAN, USP)|";"CHEMBL14376"
"CHEMBL1088";"MESORIDAZINE";"Small molecule";"4";"1970";"";"CN1CCCCC1CCN1c2ccccc2Sc2ccc([S+](C)[O-])cc21";"Dopamine D2 receptor antagonist";"";"";"CHEMBL217";"D(2) dopamine receptor";"ANTAGONIST";"SINGLE PROTEIN";"Homo sapiens";"";"";"{'CHEMBL1201052': [{'ref_id': '10991983', 'ref_url': 'http://europepmc.org/abstract/MED/10991983', 'ref_type': 'PubMed'}, {'ref_id': '11561066', 'ref_url': 'http://europepmc.org/abstract/MED/11561066', 'ref_type': 'PubMed'}, {'ref_id': '15357957', 'ref_url': 'http://europepmc.org/abstract/MED/15357957', 'ref_type': 'PubMed'}, {'ref_id': 'Antipsychotic#Mechanism_of_action', 'ref_url': 'http://en.wikipedia.org/wiki/Antipsychotic#Mechanism_of_action', 'ref_type': 'Wikipedia'}]}";"Mesoridazine benzenesulfonate (MI)|Mesoridazine (BAN, INN, USAN)|";"CHEMBL1088"
"CHEMBL2028019";"CARIPRAZINE";"Small molecule";"4";"2015";"";"CN(C)C(=O)N[C@H]1CC[C@H](CCN2CCN(c3cccc(Cl)c3Cl)CC2)CC1";"Dopamine D2 receptor modulator";"Mixed antagonist/partial agonist";"";"CHEMBL217";"D(2) dopamine receptor";"MODULATOR";"SINGLE PROTEIN";"Homo sapiens";"";"";"{'CHEMBL2024517': [{'ref_id': 'setid=4b5f7c65-aa2d-452a-b3db-bc85c06ff12f', 'ref_url': 'http://dailymed.nlm.nih.gov/dailymed/drugInfo.cfm?setid=4b5f7c65-aa2d-452a-b3db-bc85c06ff12f', 'ref_type': 'DailyMed'}, {'ref_id': '20093397', 'ref_url': 'http://europepmc.org/abstract/MED/20093397', 'ref_type': 'PubMed'}]}";"Cariprazine hydrochloride (USAN)|Cariprazine (INN, MI, USAN)|";"CHEMBL2028019"
"CHEMBL596802";"PRIDOPIDINE";"Small molecule";"3";"None";"'-dopidine'";"CCCN1CCC(c2cccc(S(C)(=O)=O)c2)CC1";"Dopamine D2 receptor modulator";"Dopaminergic stabilizer";"";"CHEMBL217";"D(2) dopamine receptor";"MODULATOR";"SINGLE PROTEIN";"Homo sapiens";"";"";"{'CHEMBL596802': [{'ref_id': '19919834', 'ref_url': 'http://europepmc.org/abstract/MED/19919834', 'ref_type': 'PubMed'}, {'ref_id': '20667452', 'ref_url': 'http://europepmc.org/abstract/MED/20667452', 'ref_type': 'PubMed'}, {'ref_id': 'Pridopidine', 'ref_url': 'http://en.wikipedia.org/wiki/Pridopidine', 'ref_type': 'Wikipedia'}]}";"Pridopidine (INN, MI, USAN, USAN)|Pridopidine hydrochloride (USAN)|";"CHEMBL596802"
"CHEMBL1237021";"LURASIDONE";"Small molecule";"4";"2010";"'-sidone'";"O=C1[C@@H]2[C@H]3CC[C@H](C3)[C@@H]2C(=O)N1C[C@@H]1CCCC[C@H]1CN1CCN(c2nsc3ccccc23)CC1";"Dopamine D2 receptor antagonist";"";"";"CHEMBL217";"D(2) dopamine receptor";"ANTAGONIST";"SINGLE PROTEIN";"Homo sapiens";"";"";"{'CHEMBL1615372': [{'ref_id': 'setid=88a244d1-eddb-499c-bee2-e1f49056e78f', 'ref_url': 'http://dailymed.nlm.nih.gov/dailymed/lookup.cfm?setid=88a244d1-eddb-499c-bee2-e1f49056e78f', 'ref_type': 'DailyMed'}]}";"Lurasidone hydrochloride (JAN, MI, USAN)|Lurasidone (INN, MI)|";"CHEMBL1237021"
"CHEMBL42";"CLOZAPINE";"Small molecule";"4";"1989";"'-pine'";"CN1CCN(C2=Nc3cc(Cl)ccc3Nc3ccccc32)CC1";"Dopamine D2 receptor antagonist";"";"";"CHEMBL217";"D(2) dopamine receptor";"ANTAGONIST";"SINGLE PROTEIN";"Homo sapiens";"";"";"{'CHEMBL42': [{'ref_id': 'setid=53bdb79c-c4cf-4818-b1f0-225e67a14536#nlm34090-1', 'ref_url': 'http://dailymed.nlm.nih.gov/dailymed/lookup.cfm?setid=53bdb79c-c4cf-4818-b1f0-225e67a14536#nlm34090-1', 'ref_type': 'DailyMed'}, {'ref_id': '0443059748', 'ref_url': 'http://www.isbnsearch.org/isbn/0443059748', 'ref_type': 'ISBN'}, {'ref_id': '17015232', 'ref_url': 'http://europepmc.org/abstract/MED/17015232', 'ref_type': 'PubMed'}, {'ref_id': 'Clozapine', 'ref_url': 'http://en.wikipedia.org/wiki/Clozapine', 'ref_type': 'Wikipedia'}]}";"Clozapine (BAN, INN, JAN, MI, USAN, USP)|Clozapine resolution mixture (USP)|";"CHEMBL42"
"CHEMBL85";"RISPERIDONE";"Small molecule";"4";"1993";"";"Cc1nc2n(c(=O)c1CCN1CCC(c3noc4cc(F)ccc34)CC1)CCCC2";"Dopamine D2 receptor antagonist";"";"";"CHEMBL217";"D(2) dopamine receptor";"ANTAGONIST";"SINGLE PROTEIN";"Homo sapiens";"";"";"{'CHEMBL85': [{'ref_id': 'label/2014/021346s052lbl.pdf', 'ref_url': 'http://www.accessdata.fda.gov/drugsatfda_docs/label/2014/021346s052lbl.pdf', 'ref_type': 'FDA'}]}";"Risperidone (BAN, INN, JAN, MI, USAN, USP)|";"CHEMBL85"
"CHEMBL716";"QUETIAPINE";"Small molecule";"4";"1997";"'-pine; -tiapine'";"OCCOCCN1CCN(C2=Nc3ccccc3Sc3ccccc32)CC1";"Dopamine D2 receptor antagonist";"";"";"CHEMBL217";"D(2) dopamine receptor";"ANTAGONIST";"SINGLE PROTEIN";"Homo sapiens";"";"";"{'CHEMBL3188993': [{'ref_id': 'setid=a951cd63-d329-47c9-965a-582fa73a07c6#nlm34090-1', 'ref_url': 'http://dailymed.nlm.nih.gov/dailymed/lookup.cfm?setid=a951cd63-d329-47c9-965a-582fa73a07c6#nlm34090-1', 'ref_type': 'DailyMed'}]}";"Quetiapine (BAN, INN, MI)|Quetiapine fumarate (JAN, USAN, USP)|Quetiapine hemifumarate (MI)|";"CHEMBL716"
"CHEMBL1378";"THIETHYLPERAZINE";"Small molecule";"4.0";"1961";"";"CCSc1ccc2c(c1)N(CCCN1CCN(C)CC1)c1ccccc1S2";"Dopamine D2 receptor antagonist";"";"";"CHEMBL217";"D(2) dopamine receptor";"ANTAGONIST";"SINGLE PROTEIN";"Homo sapiens";"";"";"{'CHEMBL3989478': [{'ref_id': '9780702034718 PP. 367', 'ref_url': 'http://www.isbnsearch.org/isbn/9780702034718', 'ref_type': 'ISBN'}, {'ref_id': '239403', 'ref_url': 'http://europepmc.org/abstract/MED/239403', 'ref_type': 'PubMed'}], 'CHEMBL2359670': [{'ref_id': '9780702034718 PP. 367', 'ref_url': 'http://www.isbnsearch.org/isbn/9780702034718', 'ref_type': 'ISBN'}, {'ref_id': '239403', 'ref_url': 'http://europepmc.org/abstract/MED/239403', 'ref_type': 'PubMed'}]}";"Thiethylperazine dimaleate (MI)|Thiethylperazine maleate (USAN, USP)|Thietylperazine maleate (JAN)|Thiethylperazine (BAN, INN, MI, USAN)|Thiethylperazine dimalate (MI)|";"CHEMBL1378"
"CHEMBL1200951";"FLUPHENAZINE ENANTHATE";"Small molecule";"4";"1967";"";"CCCCCCC(=O)OCCN1CCN(CCCN2c3ccccc3Sc3ccc(C(F)(F)F)cc32)CC1";"Dopamine D2 receptor antagonist";"";"";"CHEMBL217";"D(2) dopamine receptor";"ANTAGONIST";"SINGLE PROTEIN";"Homo sapiens";"";"";"{'CHEMBL1200951': [{'ref_id': '11873706', 'ref_url': 'http://europepmc.org/abstract/MED/11873706', 'ref_type': 'PubMed'}, {'ref_id': '7508675', 'ref_url': 'http://europepmc.org/abstract/MED/7508675', 'ref_type': 'PubMed'}, {'ref_id': '7828655', 'ref_url': 'http://europepmc.org/abstract/MED/7828655', 'ref_type': 'PubMed'}, {'ref_id': 'Antipsychotic#Mechanism_of_action', 'ref_url': 'http://en.wikipedia.org/wiki/Antipsychotic#Mechanism_of_action', 'ref_type': 'Wikipedia'}]}";"Fluphenazine enanthate (MI)|";"CHEMBL1200951"
"CHEMBL1085";"ACETOPHENAZINE";"Small molecule";"4";"1961";"";"CC(=O)c1ccc2c(c1)N(CCCN1CCN(CCO)CC1)c1ccccc1S2";"Dopamine D2 receptor antagonist";"";"";"CHEMBL217";"D(2) dopamine receptor";"ANTAGONIST";"SINGLE PROTEIN";"Homo sapiens";"";"";"{'CHEMBL2360079': [{'ref_id': '11873706', 'ref_url': 'http://europepmc.org/abstract/MED/11873706', 'ref_type': 'PubMed'}, {'ref_id': '6147851', 'ref_url': 'http://europepmc.org/abstract/MED/6147851', 'ref_type': 'PubMed'}, {'ref_id': 'Antipsychotic#Mechanism_of_action', 'ref_url': 'http://en.wikipedia.org/wiki/Antipsychotic#Mechanism_of_action', 'ref_type': 'Wikipedia'}]}";"Acetophenazine (INN)|Acetophenazine dimaleate (MI)|Acetophenazine maleate (USAN, USP)|";"CHEMBL1085"
"CHEMBL219916";"DOMPERIDONE";"Small molecule";"4";"None";"'deu-'";"O=c1[nH]c2ccccc2n1CCCN1CCC(n2c(=O)[nH]c3cc(Cl)ccc32)CC1";"Dopamine D2 receptor antagonist";"";"";"CHEMBL217";"D(2) dopamine receptor";"ANTAGONIST";"SINGLE PROTEIN";"Homo sapiens";"";"";"{'CHEMBL219916': [{'ref_id': 'https://bnf.nice.org.uk/drug/domperidone.html', 'ref_url': 'https://bnf.nice.org.uk/drug/domperidone.html', 'ref_type': 'Other'}, {'ref_id': 'https://www.ema.europa.eu/en/documents/referral/domperidone-article-31-referral-prac-assessment-report_en.pdf', 'ref_url': 'https://www.ema.europa.eu/en/documents/referral/domperidone-article-31-referral-prac-assessment-report_en.pdf', 'ref_type': 'Other'}]}";"Domperidone (BAN, INN, JAN, MI, USAN)|Deudomperidone (INN, USAN)|";"CHEMBL219916"
"CHEMBL3187365";"ASENAPINE";"Small molecule";"4";"2009";"'-pine'";"CN1CC2c3ccccc3Oc3ccc(Cl)cc3C2C1";"Dopamine D2 receptor antagonist";"";"";"CHEMBL217";"D(2) dopamine receptor";"ANTAGONIST";"SINGLE PROTEIN";"Homo sapiens";"";"";"{'CHEMBL3544974': [{'ref_id': 'setid=17209c32-56eb-4f84-954d-aed7b7a1b18d', 'ref_url': 'http://dailymed.nlm.nih.gov/dailymed/lookup.cfm?setid=17209c32-56eb-4f84-954d-aed7b7a1b18d', 'ref_type': 'DailyMed'}]}";"Asenapine maleate (JAN, MI, USAN)|Asenapine (INN)|";"CHEMBL3187365"
"CHEMBL1201";"THIOTHIXENE";"Small molecule";"4.0";"1967";"";"CN1CCN(CC/C=C2/c3ccccc3Sc3ccc(S(=O)(=O)N(C)C)cc32)CC1";"Dopamine D2 receptor antagonist";"";"";"CHEMBL217";"D(2) dopamine receptor";"ANTAGONIST";"SINGLE PROTEIN";"Homo sapiens";"";"";"{'CHEMBL3989824': [{'ref_id': '11103886', 'ref_url': 'http://europepmc.org/abstract/MED/11103886', 'ref_type': 'PubMed'}, {'ref_id': '11873706', 'ref_url': 'http://europepmc.org/abstract/MED/11873706', 'ref_type': 'PubMed'}, {'ref_id': '15694263', 'ref_url': 'http://europepmc.org/abstract/MED/15694263', 'ref_type': 'PubMed'}, {'ref_id': '3039860', 'ref_url': 'http://europepmc.org/abstract/MED/3039860', 'ref_type': 'PubMed'}, {'ref_id': 'Antipsychotic#Mechanism_of_action', 'ref_url': 'http://en.wikipedia.org/wiki/Antipsychotic#Mechanism_of_action', 'ref_type': 'Wikipedia'}], 'CHEMBL1201': [{'ref_id': '11103886', 'ref_url': 'http://europepmc.org/abstract/MED/11103886', 'ref_type': 'PubMed'}, {'ref_id': '11873706', 'ref_url': 'http://europepmc.org/abstract/MED/11873706', 'ref_type': 'PubMed'}, {'ref_id': '15694263', 'ref_url': 'http://europepmc.org/abstract/MED/15694263', 'ref_type': 'PubMed'}, {'ref_id': '3039860', 'ref_url': 'http://europepmc.org/abstract/MED/3039860', 'ref_type': 'PubMed'}, {'ref_id': 'Antipsychotic#Mechanism_of_action', 'ref_url': 'http://en.wikipedia.org/wiki/Antipsychotic#Mechanism_of_action', 'ref_type': 'Wikipedia'}]}";"Thiothixene (USAN, USP)|Thiothixene cis-isomer (MI)|Tiotixene (BAN, DCF, INN, JAN)|Thiothixene hydrochloride (USAN, USP)|";"CHEMBL1201"
"CHEMBL644";"TRIMIPRAMINE";"Small molecule";"4";"1979";"'-pramine'";"CC(CN(C)C)CN1c2ccccc2CCc2ccccc21";"Dopamine D2 receptor antagonist";"";"";"CHEMBL217";"D(2) dopamine receptor";"ANTAGONIST";"SINGLE PROTEIN";"Homo sapiens";"";"";"{'CHEMBL1200948': [{'ref_id': '0443-059748 PP. 555', 'ref_url': 'http://www.isbnsearch.org/isbn/0443059748', 'ref_type': 'ISBN'}, {'ref_id': 'Trimipramine', 'ref_url': 'http://en.wikipedia.org/wiki/Trimipramine', 'ref_type': 'Wikipedia'}]}";"Trimipramine maleate (JAN, USAN)|Trimipramine (BAN, INN, MI, USAN)|";"CHEMBL644"
"CHEMBL2107457";"ITOPRIDE";"Small molecule";"3";"None";"'-pride'";"COc1ccc(C(=O)NCc2ccc(OCCN(C)C)cc2)cc1OC";"Dopamine D2 receptor antagonist";"";"";"CHEMBL217";"D(2) dopamine receptor";"ANTAGONIST";"SINGLE PROTEIN";"Homo sapiens";"";"";"{'CHEMBL2107457': [{'ref_id': 'https://mri.cts-mrp.eu/download/CZ_H_0467_001_FinalSPC.pdf', 'ref_url': 'https://mri.cts-mrp.eu/download/CZ_H_0467_001_FinalSPC.pdf', 'ref_type': 'HMA'}, {'ref_id': '16015691', 'ref_url': 'http://europepmc.org/abstract/MED/16015691', 'ref_type': 'PubMed'}, {'ref_id': '23326147', 'ref_url': 'http://europepmc.org/abstract/MED/23326147', 'ref_type': 'PubMed'}]}";"Itopride (INN, MI)|";"CHEMBL2107457"
"CHEMBL3545388";"SERIDOPIDINE";"Small molecule";"2";"None";"'-dopidine'";"CCN1CCC(c2cc(F)cc(S(C)(=O)=O)c2)CC1";"Dopamine D2 receptor modulator";"Dopidine (dopaminergic stabilizer), have not found any reference about pharmcology for the compound.";"";"CHEMBL217";"D(2) dopamine receptor";"MODULATOR";"SINGLE PROTEIN";"Homo sapiens";"";"";"{'CHEMBL3545388': [{'ref_id': 'https://gupea.ub.gu.se/bitstream/2077/7535/2/Thesis_Johan_Rung.pdf', 'ref_url': 'https://gupea.ub.gu.se/bitstream/2077/7535/2/Thesis_Johan_Rung.pdf', 'ref_type': 'Other'}, {'ref_id': '24817271', 'ref_url': 'http://europepmc.org/abstract/MED/24817271', 'ref_type': 'PubMed'}]}";"Seridopidine (INN, INN)|";"CHEMBL3545388"
"CHEMBL726";"FLUPHENAZINE";"Small molecule";"4";"1959";"";"OCCN1CCN(CCCN2c3ccccc3Sc3ccc(C(F)(F)F)cc32)CC1";"Dopamine D2 receptor antagonist";"";"";"CHEMBL217";"D(2) dopamine receptor";"ANTAGONIST";"SINGLE PROTEIN";"Homo sapiens";"";"";"{'CHEMBL1448187': [{'ref_id': '11873706', 'ref_url': 'http://europepmc.org/abstract/MED/11873706', 'ref_type': 'PubMed'}, {'ref_id': '7508675', 'ref_url': 'http://europepmc.org/abstract/MED/7508675', 'ref_type': 'PubMed'}, {'ref_id': '7828655', 'ref_url': 'http://europepmc.org/abstract/MED/7828655', 'ref_type': 'PubMed'}, {'ref_id': 'Antipsychotic#Mechanism_of_action', 'ref_url': 'http://en.wikipedia.org/wiki/Antipsychotic#Mechanism_of_action', 'ref_type': 'Wikipedia'}]}";"Fluphenazine dihydrochloride (MI)|Fluphenazine (INN)|";"CHEMBL726"
"CHEMBL567";"PERPHENAZINE";"Small molecule";"4";"1957";"";"OCCN1CCN(CCCN2c3ccccc3Sc3ccc(Cl)cc32)CC1";"Dopamine D2 receptor antagonist";"";"";"CHEMBL217";"D(2) dopamine receptor";"ANTAGONIST";"SINGLE PROTEIN";"Homo sapiens";"";"";"{'CHEMBL567': [{'ref_id': '11873706', 'ref_url': 'http://europepmc.org/abstract/MED/11873706', 'ref_type': 'PubMed'}, {'ref_id': '15007534', 'ref_url': 'http://europepmc.org/abstract/MED/15007534', 'ref_type': 'PubMed'}, {'ref_id': '7508675', 'ref_url': 'http://europepmc.org/abstract/MED/7508675', 'ref_type': 'PubMed'}, {'ref_id': '7828655', 'ref_url': 'http://europepmc.org/abstract/MED/7828655', 'ref_type': 'PubMed'}, {'ref_id': 'Antipsychotic#Mechanism_of_action', 'ref_url': 'http://en.wikipedia.org/wiki/Antipsychotic#Mechanism_of_action', 'ref_type': 'Wikipedia'}]}";"Perphenazine (INN, MI)|Perphenazine maleate (JAN)|";"CHEMBL567"
"CHEMBL1201250";"BENZQUINAMIDE";"Small molecule";"4";"1974";"";"CCN(CC)C(=O)C1CN2CCc3cc(OC)c(OC)cc3C2CC1OC(C)=O";"Dopamine D2 receptor modulator";"Antiemetic";"";"CHEMBL217";"D(2) dopamine receptor";"MODULATOR";"SINGLE PROTEIN";"Homo sapiens";"";"";"{'CHEMBL1200707': [{'ref_id': '22711801', 'ref_url': 'http://europepmc.org/abstract/MED/22711801', 'ref_type': 'PubMed'}, {'ref_id': '6130555', 'ref_url': 'http://europepmc.org/abstract/MED/6130555', 'ref_type': 'PubMed'}]}";"Benzquinamide (BAN, INN, USAN)|";"CHEMBL1201250"
"CHEMBL1200854";"FLUPHENAZINE DECANOATE";"Small molecule";"4";"1972";"";"CCCCCCCCCC(=O)OCCN1CCN(CCCN2c3ccccc3Sc3ccc(C(F)(F)F)cc32)CC1";"Dopamine D2 receptor antagonist";"";"";"CHEMBL217";"D(2) dopamine receptor";"ANTAGONIST";"SINGLE PROTEIN";"Homo sapiens";"";"";"{'CHEMBL1200854': [{'ref_id': '11873706', 'ref_url': 'http://europepmc.org/abstract/MED/11873706', 'ref_type': 'PubMed'}, {'ref_id': '7508675', 'ref_url': 'http://europepmc.org/abstract/MED/7508675', 'ref_type': 'PubMed'}, {'ref_id': '7828655', 'ref_url': 'http://europepmc.org/abstract/MED/7828655', 'ref_type': 'PubMed'}, {'ref_id': 'Antipsychotic#Mechanism_of_action', 'ref_url': 'http://en.wikipedia.org/wiki/Antipsychotic#Mechanism_of_action', 'ref_type': 'Wikipedia'}]}";"Fluphenazine decanoate (MI)|";"CHEMBL1200854"
"CHEMBL86";"METOCLOPRAMIDE";"Small molecule";"4";"1979";"";"CCN(CC)CCNC(=O)c1cc(Cl)c(N)cc1OC";"Dopamine D2 receptor antagonist";"";"";"CHEMBL217";"D(2) dopamine receptor";"ANTAGONIST";"SINGLE PROTEIN";"Homo sapiens";"";"";"{'CHEMBL1200940': [{'ref_id': 'label/2011/017854s058lbl.pdf', 'ref_url': 'http://www.accessdata.fda.gov/drugsatfda_docs/label/2011/017854s058lbl.pdf', 'ref_type': 'FDA'}, {'ref_id': 'Metoclopramide', 'ref_url': 'http://en.wikipedia.org/wiki/Metoclopramide', 'ref_type': 'Wikipedia'}]}";"Metoclopramide hydrochloride (JAN, USAN, USP)|Metoclopramide monohydrochloride monohydrate (MI)|Metoclopramide (BAN, INN, JAN, MI)|";"CHEMBL86"
