scaffold,n,pchembl_median
O=C(CN1CCN(Cc2ccccc2)CC1)N1CCc2ccccc21,69,6.13
c1ccc2c(c1)CCCC2,65,6.88
c1ccc(N2CCNCC2)cc1,60,6.54
O=C(NN1c2ccccc2N=C(N2CCNCC2)c2ccccc21)c1ccccc1,51,6.27
c1ccc2c(c1)C[C@H]1NCCc3cccc-2c31,48,6.6
c1ccc(OCc2ncnc(N3CCNCC3)n2)cc1,47,6.1
O=C(CCCN1CCC(c2ccccc2)CC1)c1ccccc1,44,8.32
c1cc2c(c(N3CCN(CCC4CCCCC4)CC3)n1)CCO2,43,6.07
O=C(NCCCCN1CCN(c2ccccc2)CC1)c1ccccc1,40,7.24
O=C(NCCCCN1CCN(c2ccccc2)CC1)c1cc2ccccc2[nH]1,40,6.66
c1ccc(C2CCN(Cc3c[nH]c4ccccc34)CC2)cc1,39,7.22
c1cc2c(c(C3CCN(CCC4CCCCC4)CC3)c1)CCO2,34,6.47
c1ccc2c(C3CCN(CCC4CCCCC4)CC3)coc2c1,34,7.32
O=C(NC/C=C/CN1CCN(c2ccccc2)CC1)c1ccccc1,31,7.75
c1cc2c(c(N3CCN(CCC4CCCCC4)CC3)c1)OCO2,30,6.94
c1cc2c(c(C3CCN(CCC4CCCCC4)CC3)c1)OCO2,29,6.55
c1ccc([C@H]2C[C@@H]2CN2CCN(c3ccccc3)CC2)cc1,26,7.21
O=C1NC(c2ccccc2)C(=O)N1CCCN1CCN(c2ccccc2)CC1,26,6.01
O=C(NCCCCN1CCN(c2ccccc2)CC1)c1cc2ccccc2o1,26,6.56
c1ccc(N2CCC3CN(CCCSc4nnc(-c5cnccn5)[nH]4)CC32)cc1,25,6.43
O=C(NC[C@@H]1CCCN1)c1ccccc1,25,8.13
N=C(CCN1CCN(c2ccccn2)CC1)c1ccccc1,25,6.88
O=C(NCCCN1CCN(c2ccccc2)CC1)NN(Cc1ccccc1)c1ccccc1,25,7.12
O=S(=O)(N[C@H]1CC[C@@H](N2CCN(c3ccccc3)CC2)CC1)c1ccccc1,24,6.92
O=C(NCCCCN1CCN(c2ccncn2)CC1)N1CCN(c2ccccc2)CC1,24,6.12
