action_type,residue,interaction,n_ligands,fraction
UNASSIGNED,ASP114 (3.32),salt_bridge,8,0.8
UNASSIGNED,VAL115 (3.33),hydrophobic,8,0.8
UNASSIGNED,ILE184 (45.52),hydrophobic,6,0.6
UNASSIGNED,PHE389 (6.51),hydrophobic,6,0.6
UNASSIGNED,PHE390 (6.52),pi_stack,6,0.6
UNASSIGNED,SER197 (5.46),hbond,6,0.6
UNASSIGNED,VAL111 (3.29),hydrophobic,6,0.6
UNASSIGNED,PHE110 (3.28),hydrophobic,5,0.5
UNASSIGNED,PHE390 (6.52),hydrophobic,5,0.5
UNASSIGNED,ASP114 (3.32),hbond,3,0.3
UNASSIGNED,SER193 (5.42),hbond,3,0.3
UNASSIGNED,TRP386 (6.48),hydrophobic,3,0.3
UNASSIGNED,ILE184 (45.52),hbond,2,0.2
UNASSIGNED,LEU94 (2.64),hydrophobic,2,0.2
UNASSIGNED,THR412 (7.39),hbond,2,0.2
UNASSIGNED,THR412 (7.39),hydrophobic,2,0.2
UNASSIGNED,TRP386 (6.48),pi_stack,2,0.2
UNASSIGNED,TYR408 (7.35),hydrophobic,2,0.2
UNASSIGNED,TYR416 (7.43),hbond,2,0.2
UNASSIGNED,HIS393 (6.55),hbond,1,0.1
UNASSIGNED,ILE183 (45.51),hydrophobic,1,0.1
UNASSIGNED,PHE410,hydrophobic,1,0.1
UNASSIGNED,PHE411 (7.38),pi_stack,1,0.1
UNASSIGNED,TRP100 (23.50),hydrophobic,1,0.1
UNASSIGNED,TRP407,hydrophobic,1,0.1
UNASSIGNED,TRP407,pi_stack,1,0.1
UNASSIGNED,TYR416 (7.43),hydrophobic,1,0.1
UNASSIGNED,TYR429,hbond,1,0.1
UNASSIGNED,VAL190 (5.39),hydrophobic,1,0.1
UNASSIGNED,VAL91 (2.61),hydrophobic,1,0.1
