interaction,restype,resnr,reschain,distance,pdb,het,lig_site,bw,chembl_id,action_type,pchembl_median,residue
salt_bridge,ASP,114,A,3.085119649219459,6CM4,8NU,8NU:A:2001,3.32,CHEMBL373625,UNASSIGNED,,ASP114 (3.32)
pi_stack,TRP,386,A,5.108813260435344,6CM4,8NU,8NU:A:2001,6.48,CHEMBL373625,UNASSIGNED,,TRP386 (6.48)
pi_stack,TRP,386,A,4.980308973570038,6CM4,8NU,8NU:A:2001,6.48,CHEMBL373625,UNASSIGNED,,TRP386 (6.48)
hydrophobic,TRP,100,A,3.66385084303387,6CM4,8NU,8NU:A:2001,23.50,CHEMBL373625,UNASSIGNED,,TRP100 (23.50)
hydrophobic,PHE,110,A,3.743759741222719,6CM4,8NU,8NU:A:2001,3.28,CHEMBL373625,UNASSIGNED,,PHE110 (3.28)
hydrophobic,VAL,115,A,3.948955051656072,6CM4,8NU,8NU:A:2001,3.33,CHEMBL373625,UNASSIGNED,,VAL115 (3.33)
hydrophobic,TRP,386,A,3.362709026960257,6CM4,8NU,8NU:A:2001,6.48,CHEMBL373625,UNASSIGNED,,TRP386 (6.48)
hydrophobic,TYR,408,A,3.888948186849498,6CM4,8NU,8NU:A:2001,7.35,CHEMBL373625,UNASSIGNED,,TYR408 (7.35)
hydrophobic,THR,412,A,3.9116050414120287,6CM4,8NU,8NU:A:2001,7.39,CHEMBL373625,UNASSIGNED,,THR412 (7.39)
hydrophobic,PHE,390,A,3.556024465607625,6CM4,8NU,8NU:A:2001,6.52,CHEMBL373625,UNASSIGNED,,PHE390 (6.52)
salt_bridge,ASP,114,A,2.6870409840566256,6LUQ,GMJ,GMJ:A:1201,3.32,CHEMBL373625,UNASSIGNED,,ASP114 (3.32)
hbond,TYR,429,A,3.2071916063746486,6LUQ,GMJ,GMJ:A:1201,,CHEMBL373625,UNASSIGNED,,TYR429
pi_stack,TRP,407,A,4.696822833930756,6LUQ,GMJ,GMJ:A:1201,,CHEMBL373625,UNASSIGNED,,TRP407
pi_stack,PHE,411,A,4.795895516538655,6LUQ,GMJ,GMJ:A:1201,7.38,CHEMBL373625,UNASSIGNED,,PHE411 (7.38)
pi_stack,TRP,407,A,4.600812772398663,6LUQ,GMJ,GMJ:A:1201,,CHEMBL373625,UNASSIGNED,,TRP407
hydrophobic,LEU,94,A,3.6521296526821163,6LUQ,GMJ,GMJ:A:1201,2.64,CHEMBL373625,UNASSIGNED,,LEU94 (2.64)
hydrophobic,VAL,111,A,3.7704071398192536,6LUQ,GMJ,GMJ:A:1201,3.29,CHEMBL373625,UNASSIGNED,,VAL111 (3.29)
hydrophobic,TRP,407,A,3.2398053953902846,6LUQ,GMJ,GMJ:A:1201,,CHEMBL373625,UNASSIGNED,,TRP407
hydrophobic,PHE,410,A,3.4130411658812436,6LUQ,GMJ,GMJ:A:1201,,CHEMBL373625,UNASSIGNED,,PHE410
hydrophobic,PHE,410,A,3.596629672346043,6LUQ,GMJ,GMJ:A:1201,,CHEMBL373625,UNASSIGNED,,PHE410
hydrophobic,PHE,110,A,3.2592127883892457,6LUQ,GMJ,GMJ:A:1201,3.28,CHEMBL373625,UNASSIGNED,,PHE110 (3.28)
hydrophobic,ILE,184,A,3.8759269858964056,6LUQ,GMJ,GMJ:A:1201,45.52,CHEMBL373625,UNASSIGNED,,ILE184 (45.52)
salt_bridge,ASP,114,R,2.997678685249635,6VMS,08Y,08Y:R:601,3.32,CHEMBL373625,UNASSIGNED,,ASP114 (3.32)
hbond,ILE,184,R,3.5293767155122278,6VMS,08Y,08Y:R:601,45.52,CHEMBL373625,UNASSIGNED,,ILE184 (45.52)
hbond,ASP,114,R,4.093596707053584,6VMS,08Y,08Y:R:601,3.32,CHEMBL373625,UNASSIGNED,,ASP114 (3.32)
hbond,SER,197,R,4.023279508063036,6VMS,08Y,08Y:R:601,5.46,CHEMBL373625,UNASSIGNED,,SER197 (5.46)
hbond,THR,412,R,3.30769723523783,6VMS,08Y,08Y:R:601,7.39,CHEMBL373625,UNASSIGNED,,THR412 (7.39)
pi_stack,PHE,390,R,5.086006235959847,6VMS,08Y,08Y:R:601,6.52,CHEMBL373625,UNASSIGNED,,PHE390 (6.52)
hydrophobic,PHE,110,R,3.540587663086446,6VMS,08Y,08Y:R:601,3.28,CHEMBL373625,UNASSIGNED,,PHE110 (3.28)
hydrophobic,VAL,111,R,3.5162130197131085,6VMS,08Y,08Y:R:601,3.29,CHEMBL373625,UNASSIGNED,,VAL111 (3.29)
hydrophobic,VAL,190,R,3.622770900843714,6VMS,08Y,08Y:R:601,5.39,CHEMBL373625,UNASSIGNED,,VAL190 (5.39)
hydrophobic,TYR,408,R,3.969344278341197,6VMS,08Y,08Y:R:601,7.35,CHEMBL373625,UNASSIGNED,,TYR408 (7.35)
hydrophobic,TYR,408,R,3.84549216616027,6VMS,08Y,08Y:R:601,7.35,CHEMBL373625,UNASSIGNED,,TYR408 (7.35)
hydrophobic,VAL,115,R,3.9138774891404093,6VMS,08Y,08Y:R:601,3.33,CHEMBL373625,UNASSIGNED,,VAL115 (3.33)
salt_bridge,ASP,114,A,3.2196139520135,7DFP,SIP,SIP:A:1201,3.32,CHEMBL373625,UNASSIGNED,,ASP114 (3.32)
hbond,TYR,416,A,3.8416962399440036,7DFP,SIP,SIP:A:1201,7.43,CHEMBL373625,UNASSIGNED,,TYR416 (7.43)
hbond,ASP,114,A,4.035703036646777,7DFP,SIP,SIP:A:1201,3.32,CHEMBL373625,UNASSIGNED,,ASP114 (3.32)
pi_stack,PHE,390,A,5.058925854917783,7DFP,SIP,SIP:A:1201,6.52,CHEMBL373625,UNASSIGNED,,PHE390 (6.52)
pi_stack,TRP,386,A,4.732845541179918,7DFP,SIP,SIP:A:1201,6.48,CHEMBL373625,UNASSIGNED,,TRP386 (6.48)
hydrophobic,ILE,184,A,3.6561122794575063,7DFP,SIP,SIP:A:1201,45.52,CHEMBL373625,UNASSIGNED,,ILE184 (45.52)
hydrophobic,TRP,386,A,3.713460111540186,7DFP,SIP,SIP:A:1201,6.48,CHEMBL373625,UNASSIGNED,,TRP386 (6.48)
hydrophobic,VAL,91,A,3.5844246400224264,7DFP,SIP,SIP:A:1201,2.61,CHEMBL373625,UNASSIGNED,,VAL91 (2.61)
hydrophobic,LEU,94,A,3.540718853566331,7DFP,SIP,SIP:A:1201,2.64,CHEMBL373625,UNASSIGNED,,LEU94 (2.64)
hydrophobic,VAL,111,A,3.4301211348872163,7DFP,SIP,SIP:A:1201,3.29,CHEMBL373625,UNASSIGNED,,VAL111 (3.29)
salt_bridge,ASP,114,R,3.879778698585775,7JVR,08Y,08Y:R:500,3.32,CHEMBL373625,UNASSIGNED,,ASP114 (3.32)
hbond,TYR,416,R,4.079581473631814,7JVR,08Y,08Y:R:500,7.43,CHEMBL373625,UNASSIGNED,,TYR416 (7.43)
hbond,ILE,184,R,3.2629878945530915,7JVR,08Y,08Y:R:500,45.52,CHEMBL373625,UNASSIGNED,,ILE184 (45.52)
hbond,ASP,114,R,3.949706191604647,7JVR,08Y,08Y:R:500,3.32,CHEMBL373625,UNASSIGNED,,ASP114 (3.32)
hbond,SER,197,R,3.5667117909918047,7JVR,08Y,08Y:R:500,5.46,CHEMBL373625,UNASSIGNED,,SER197 (5.46)
hbond,THR,412,R,3.775436531051749,7JVR,08Y,08Y:R:500,7.39,CHEMBL373625,UNASSIGNED,,THR412 (7.39)
pi_stack,PHE,390,R,5.050930125344369,7JVR,08Y,08Y:R:500,6.52,CHEMBL373625,UNASSIGNED,,PHE390 (6.52)
hydrophobic,VAL,111,R,3.7165831081787895,7JVR,08Y,08Y:R:500,3.29,CHEMBL373625,UNASSIGNED,,VAL111 (3.29)
hydrophobic,VAL,115,R,3.876213616404543,7JVR,08Y,08Y:R:500,3.33,CHEMBL373625,UNASSIGNED,,VAL115 (3.33)
hydrophobic,PHE,389,R,3.9980400198097166,7JVR,08Y,08Y:R:500,6.51,CHEMBL373625,UNASSIGNED,,PHE389 (6.51)
salt_bridge,ASP,114,R,3.0217530094301326,8IRS,R5F,R5F:R:501,3.32,CHEMBL373625,UNASSIGNED,,ASP114 (3.32)
hbond,SER,193,R,2.831079122878769,8IRS,R5F,R5F:R:501,5.42,CHEMBL373625,UNASSIGNED,,SER193 (5.42)
hydrophobic,VAL,115,R,3.88811831095711,8IRS,R5F,R5F:R:501,3.33,CHEMBL373625,UNASSIGNED,,VAL115 (3.33)
hydrophobic,ILE,184,R,3.839017843146859,8IRS,R5F,R5F:R:501,45.52,CHEMBL373625,UNASSIGNED,,ILE184 (45.52)
hydrophobic,PHE,389,R,3.9978267846418745,8IRS,R5F,R5F:R:501,6.51,CHEMBL373625,UNASSIGNED,,PHE389 (6.51)
hydrophobic,PHE,390,R,3.799072518391826,8IRS,R5F,R5F:R:501,6.52,CHEMBL373625,UNASSIGNED,,PHE390 (6.52)
hydrophobic,THR,412,R,3.6006128644996007,8IRS,R5F,R5F:R:501,7.39,CHEMBL373625,UNASSIGNED,,THR412 (7.39)
hydrophobic,TYR,416,R,3.5341706240644304,8IRS,R5F,R5F:R:501,7.43,CHEMBL373625,UNASSIGNED,,TYR416 (7.43)
hydrophobic,TYR,416,R,3.7750851646022534,8IRS,R5F,R5F:R:501,7.43,CHEMBL373625,UNASSIGNED,,TYR416 (7.43)
hydrophobic,VAL,115,R,3.8246537098147875,8IRS,R5F,R5F:R:501,3.33,CHEMBL373625,UNASSIGNED,,VAL115 (3.33)
hydrophobic,ILE,183,R,3.5684083286529793,8IRS,R5F,R5F:R:501,45.51,CHEMBL373625,UNASSIGNED,,ILE183 (45.51)
hydrophobic,TRP,386,R,3.4781217632509693,8IRS,R5F,R5F:R:501,6.48,CHEMBL373625,UNASSIGNED,,TRP386 (6.48)
hydrophobic,PHE,390,R,3.604854227288535,8IRS,R5F,R5F:R:501,6.52,CHEMBL373625,UNASSIGNED,,PHE390 (6.52)
hbond,SER,193,R,3.0590871187333133,8TZQ,LDP,LDP:R:501,5.42,CHEMBL373625,UNASSIGNED,,SER193 (5.42)
hbond,SER,197,R,3.1188832937447217,8TZQ,LDP,LDP:R:501,5.46,CHEMBL373625,UNASSIGNED,,SER197 (5.46)
hbond,SER,197,R,3.1188832937447217,8TZQ,LDP,LDP:R:501,5.46,CHEMBL373625,UNASSIGNED,,SER197 (5.46)
hbond,SER,193,R,3.0590871187333133,8TZQ,LDP,LDP:R:501,5.42,CHEMBL373625,UNASSIGNED,,SER193 (5.42)
pi_stack,PHE,390,R,5.460189195948767,8TZQ,LDP,LDP:R:501,6.52,CHEMBL373625,UNASSIGNED,,PHE390 (6.52)
hydrophobic,PHE,389,R,3.7181862513865456,8TZQ,LDP,LDP:R:501,6.51,CHEMBL373625,UNASSIGNED,,PHE389 (6.51)
hydrophobic,PHE,389,R,3.944257978378172,8TZQ,LDP,LDP:R:501,6.51,CHEMBL373625,UNASSIGNED,,PHE389 (6.51)
hydrophobic,VAL,115,R,3.8506702014065053,8TZQ,LDP,LDP:R:501,3.33,CHEMBL373625,UNASSIGNED,,VAL115 (3.33)
hbond,SER,197,R,2.793892803956512,8U02,LDP,LDP:R:501,5.46,CHEMBL373625,UNASSIGNED,,SER197 (5.46)
hbond,SER,193,R,2.78737457116907,8U02,LDP,LDP:R:501,5.42,CHEMBL373625,UNASSIGNED,,SER193 (5.42)
hbond,SER,193,R,2.711957411170005,8U02,LDP,LDP:R:501,5.42,CHEMBL373625,UNASSIGNED,,SER193 (5.42)
hbond,HIS,393,R,2.942723058665211,8U02,LDP,LDP:R:501,6.55,CHEMBL373625,UNASSIGNED,,HIS393 (6.55)
hydrophobic,ILE,184,R,3.8005002302328608,8U02,LDP,LDP:R:501,45.52,CHEMBL373625,UNASSIGNED,,ILE184 (45.52)
hydrophobic,PHE,389,R,3.794865610268707,8U02,LDP,LDP:R:501,6.51,CHEMBL373625,UNASSIGNED,,PHE389 (6.51)
hydrophobic,PHE,389,R,3.7171261748829685,8U02,LDP,LDP:R:501,6.51,CHEMBL373625,UNASSIGNED,,PHE389 (6.51)
hydrophobic,PHE,390,R,3.778301999576019,8U02,LDP,LDP:R:501,6.52,CHEMBL373625,UNASSIGNED,,PHE390 (6.52)
hydrophobic,VAL,115,R,3.706935796584552,8U02,LDP,LDP:R:501,3.33,CHEMBL373625,UNASSIGNED,,VAL115 (3.33)
salt_bridge,ASP,114,R,2.8853444335122305,9BS9,7LD,7LD:R:501,3.32,CHEMBL373625,UNASSIGNED,,ASP114 (3.32)
hbond,SER,197,R,3.118540844690037,9BS9,7LD,7LD:R:501,5.46,CHEMBL373625,UNASSIGNED,,SER197 (5.46)
pi_stack,PHE,390,R,4.865145792151457,9BS9,7LD,7LD:R:501,6.52,CHEMBL373625,UNASSIGNED,,PHE390 (6.52)
hydrophobic,PHE,110,R,3.3707356763768703,9BS9,7LD,7LD:R:501,3.28,CHEMBL373625,UNASSIGNED,,PHE110 (3.28)
hydrophobic,VAL,111,R,3.8984507179134646,9BS9,7LD,7LD:R:501,3.29,CHEMBL373625,UNASSIGNED,,VAL111 (3.29)
hydrophobic,VAL,115,R,3.9057739309898616,9BS9,7LD,7LD:R:501,3.33,CHEMBL373625,UNASSIGNED,,VAL115 (3.33)
hydrophobic,ILE,184,R,3.9575434299575276,9BS9,7LD,7LD:R:501,45.52,CHEMBL373625,UNASSIGNED,,ILE184 (45.52)
hydrophobic,PHE,389,R,3.7485721281576057,9BS9,7LD,7LD:R:501,6.51,CHEMBL373625,UNASSIGNED,,PHE389 (6.51)
hydrophobic,PHE,390,R,3.820389639814247,9BS9,7LD,7LD:R:501,6.52,CHEMBL373625,UNASSIGNED,,PHE390 (6.52)
salt_bridge,ASP,114,R,2.8853444335122305,9BSB,7LD,7LD:R:501,3.32,CHEMBL373625,UNASSIGNED,,ASP114 (3.32)
hbond,SER,197,R,3.118540844690037,9BSB,7LD,7LD:R:501,5.46,CHEMBL373625,UNASSIGNED,,SER197 (5.46)
pi_stack,PHE,390,R,4.865145792151457,9BSB,7LD,7LD:R:501,6.52,CHEMBL373625,UNASSIGNED,,PHE390 (6.52)
hydrophobic,PHE,110,R,3.3707356763768703,9BSB,7LD,7LD:R:501,3.28,CHEMBL373625,UNASSIGNED,,PHE110 (3.28)
hydrophobic,VAL,111,R,3.8984507179134646,9BSB,7LD,7LD:R:501,3.29,CHEMBL373625,UNASSIGNED,,VAL111 (3.29)
hydrophobic,VAL,115,R,3.9057739309898616,9BSB,7LD,7LD:R:501,3.33,CHEMBL373625,UNASSIGNED,,VAL115 (3.33)
hydrophobic,ILE,184,R,3.9575434299575276,9BSB,7LD,7LD:R:501,45.52,CHEMBL373625,UNASSIGNED,,ILE184 (45.52)
hydrophobic,PHE,389,R,3.7485721281576057,9BSB,7LD,7LD:R:501,6.51,CHEMBL373625,UNASSIGNED,,PHE389 (6.51)
hydrophobic,PHE,390,R,3.820389639814247,9BSB,7LD,7LD:R:501,6.52,CHEMBL373625,UNASSIGNED,,PHE390 (6.52)
