smiles,pIC50,Kd_nM
Br.Br.COc1cc(F)ccc1N1CCN(C[C@H]2C[C@@H]2c2ccccc2)CC1,8.0,
Br.COc1c(Cl)cc(N2CCN(C[C@H]3C[C@@H]3c3ccccc3)CC2)cc1Cl,6.642065152999546,
Br.COc1cc(Cl)ccc1N1CCN(C[C@H]2C[C@@H]2c2ccccc2)CC1,7.769551078621726,
Br.COc1ccc(Cl)cc1N1CCN(C[C@H]2C[C@@H]2c2ccccc2)CC1,8.301029995663981,
Br.COc1ccc(N2CCN(C[C@H]3C[C@@H]3c3ccccc3)CC2)cc1,6.123782159408358,
Br.COc1ccc([C@H]2C[C@@H]2CN2CCN(c3ccc(Cl)cc3Cl)CC2)cc1,8.154901959985743,
Br.COc1cccc(N2CCN(C[C@H]3C[C@@H]3c3ccccc3)CC2)c1,6.767003889607846,
Br.COc1ccccc1N1CCN(C[C@H]2C[C@@H]2c2ccccc2)CC1,8.301029995663981,
Br.Cc1cc(Cl)ccc1N1CCN(C[C@H]2C[C@@H]2c2ccccc2)CC1,6.892790030352131,
Br.Cc1cc(F)ccc1N1CCN(C[C@H]2C[C@@H]2c2ccccc2)CC1,7.167491087293763,
Br.Cc1ccc(N2CCN(CC3CC3c3ccccc3)CC2)c(C)c1,7.221848749616356,
Br.Cc1ccc(N2CCN(C[C@@H]3C[C@H]3c3ccccc3)CC2)c(C)c1,7.136677139879544,
Br.Cc1ccc(N2CCN(C[C@H]3C[C@@H]3c3ccccc3)CC2)c(C)c1,7.346787486224656,
Br.Clc1cc(Cl)cc(N2CCN(C[C@H]3C[C@@H]3c3ccccc3)CC2)c1,7.494850021680094,
Br.Clc1ccc(N2CCN(C[C@H]3C[C@@H]3c3ccccc3)CC2)c(Cl)c1,7.187086643357144,
Br.Clc1ccc(N2CCN(C[C@H]3C[C@@H]3c3ccccc3)CC2)cc1,6.609064892896621,
Br.Clc1ccc(N2CCN(C[C@H]3C[C@@H]3c3ccccc3)CC2)cc1Cl,6.681936665037238,
Br.Clc1cccc(N2CCN(C[C@H]3C[C@@H]3c3ccccc3)CC2)c1,6.835647144215563,
Br.Clc1cccc(N2CCN(C[C@H]3C[C@@H]3c3ccccc3)CC2)c1Cl,8.698970004336019,
Br.Clc1ccccc1N1CCN(C[C@H]2C[C@@H]2c2ccccc2)CC1,8.301029995663981,
Br.Fc1ccc([C@H]2C[C@@H]2CN2CCN(c3ccc(Cl)cc3)CC2)cc1,6.694648630553376,
Br.Fc1ccc([C@H]2C[C@@H]2CN2CCN(c3cccc(Cl)c3)CC2)cc1,7.251811972993799,
Br.Fc1ccc([C@H]2C[C@@H]2CN2CCN(c3ccccc3Cl)CC2)cc1,7.886056647693163,
Br.Oc1ccc([C@H]2C[C@@H]2CN2CCN(c3ccc(Cl)cc3Cl)CC2)cc1,7.920818753952375,
C(#Cc1ccccc1)CN(c1ccccc1)C1CCN(Cc2ccccc2)CC1.O=C(O)/C=C/C(=O)O,6.050609993355087,
C(=C/c1ccccc1)\CN1CCN(C(c2ccccc2)c2ccccc2)CC1,6.110138278741811,
C=C1CCC[C@]2(C)Cc3occ(C)c3C[C@@H]12,5.6020599913279625,
CC(=O)N1CC(CCN2CCN(c3cccc4sccc34)CC2)c2ccccc21,6.917214629683549,
CC(=O)N[C@@H]1CC2(CCN(Cc3ccc4[nH]c5ccc(Cl)cc5c4c3)CC2)c2ccccc21,6.301029995663981,
CC(=O)N[C@@H]1CC2(CCN(Cc3ccc4c(c3)c3ccccc3n4C(N)=O)CC2)c2ccccc21,5.823908740944319,
CC(=O)Nc1nc2c(CCN3CCN(c4cccc5sccc45)CC3)cccc2s1,6.665546248849069,
CC(=O)Nc1nc2cc(CCN3CCN(c4cccc5sccc45)CC3)ccc2s1,6.924453038607469,
CC(=O)Nc1nc2ccc(CCN3CCN(c4cccc5sccc45)CC3)cc2s1,8.42021640338319,
CC(=O)Nc1nc2cccc(CCN3CCN(c4cccc5sccc45)CC3)c2s1,8.328827157284916,
CC(=O)c1cccc(NC(=O)N[C@@H]2CCCC[C@H]2CN2CCC[C@@H](Cc3ccc(F)cc3)C2)c1,6.0,
CC(=O)c1sc(NC(=O)N[C@@H]2CN(C(C)=O)CC[C@H]2CN2CCC[C@@H](Cc3ccc(F)cc3)C2)nc1C,6.1938200260161125,
CC(=O)n1cc(CCCCN2CCN(c3cccc4sccc34)CC2)c2cc(C#N)ccc21,7.239577516576788,
CC(C)(C)C(=O)NCCN1CC=C(c2cccc(C(F)(F)F)n2)CC1,5.892790030352131,
CC(C)(C)C(=O)NCCN1CCC(c2cccc(C(F)(F)F)n2)CC1,5.612076533026563,
CC(C)(C)NS(=O)(=O)c1ccc(-c2sc(C(=O)N[C@H]3C[C@H](C(=O)O)C3)nc2CC2CCCCC2)c2ccccc12,8.744727494896694,
CC(C)(C)[C@@]1(O)CCN2C[C@@H]3c4ccccc4CCc4cccc(c43)[C@H]2C1,8.050609993355087,
CC(C)(C)[C@]1(O)CCN2C[C@@H]3c4ccccc4CCc4cccc(c43)[C@@H]2C1,8.958607314841775,
CC(C)(C)[C@]1(O)CCN2C[C@H]3c4ccccc4CCc4cccc(c43)[C@@H]2C1,8.958607314841775,
CC(C)(C)c1ccc(C(=O)CCCN2CCC(OC(c3ccccc3)c3ccccc3)CC2)cc1,7.214670164989233,
CC(C)(C)c1ccc(C(O)CCCN2CCC(C(O)(c3ccccc3)c3ccccc3)CC2)cc1,5.209926051573696,
CC(C)(C)c1nc(N2CCN(CCCCNC(=O)c3cc4ccccc4[nH]3)CC2)cc(C(F)(F)F)n1,6.3788237182249645,
CC(C)(C)c1nc(N2CCN(CCCCNC(=O)c3cn4ccccc4n3)CC2)cc(C(F)(F)F)n1,5.638272163982407,
CC(C)(C)c1nc(N2CCN(CCCCNC(=O)c3cn4cccnc4n3)CC2)cc(C(F)(F)F)n1,6.688246138944246,
CC(C)(C)c1nc(N2CCN(CCCCNC(=O)c3cn4ccncc4n3)CC2)cc(C(F)(F)F)n1,6.376750709602099,
CC(C)(C)c1nc(N2CCN(CCCCNC(=O)c3cn4nc(Cl)ccc4n3)CC2)cc(C(F)(F)F)n1,5.935542010773082,
CC(C)(C)c1nc(N2CCN(CCCCNC(=O)c3nc4ccccc4[nH]3)CC2)cc(C(F)(F)F)n1,6.309803919971486,
CC(C)C[C@H]1C(=O)N2CCC[C@H]2[C@]2(O)O[C@](NC(=O)[C@@H]3C=C4c5cccc6[nH]c(Br)c(c56)C[C@H]4N(C)C3)(C(C)C)C(=O)N12,8.800793520838342,
CC(C)C[C@H]1C(=O)N2CCC[C@H]2[C@]2(O)O[C@](NC(=O)[C@@H]3C=C4c5cccc6[nH]cc(c56)C[C@H]4N(C)C3)(C(C)C)C(=O)N12,8.709965388637482,
CC(C)Oc1cccnc1N(C)C1CCN(Cc2ccccc2)CC1.O=C(O)/C=C\C(=O)O,6.207608310501746,
CC(C)[C@@]1(NC(=O)[C@@H]2C[C@@H]3c4cccc5[nH]cc(c45)C[C@H]3N(C)C2)O[C@@]2(O)[C@@H]3CCCN3C(=O)[C@H](Cc3ccccc3)N2C1=O.CS(=O)(=O)O,8.831502516476966,
CC(C)[C@H](NC(=O)[C@@H]1C=C2c3cccc4[nH]cc(c34)C[C@H]2N(C)C1)C(=O)N[C@@H](Cc1ccc(F)cc1)C(=O)N1CCC[C@H]1C(N)=O,,16000.0
CC(C)[C@H](NC(=O)[C@H](Cc1ccc([N+](=O)[O-])cc1)NC(=O)[C@@H]1C=C2c3cccc4[nH]cc(c34)C[C@H]2N(C)C1)C(=O)N1c2ccccc2C[C@H]1C(N)=O,,2000.0
CC(C)[C@H]1C(=O)N2CCC[C@H]2[C@]2(O)O[C@](NC(=O)[C@@H]3C=C4c5cccc6[nH]cc(c56)C[C@H]4N(C)C3)(C(C)C)C(=O)N12,8.298259367562787,
CC(CCCc1ccccc1)CNC(=O)/N=C(\N)NCCCc1nnc(N)s1.O=C(O)C(F)(F)F.O=C(O)C(F)(F)F,,0.0149
CC(CN1c2ccccc2Sc2ccccc21)N(C)C,6.108462542327436,
CC(CNC(=O)/N=C(\N)NCCCc1nnc(N)s1)C1CCCCC1.O=C(O)C(F)(F)F.O=C(O)C(F)(F)F,,0.0149
CC(NC(=O)/N=C(\N)NCCCc1nnc(N)s1)c1cccc(F)c1.Cl.Cl,,0.0149
CC/C(=C(/CC)c1ccc(O)cc1)c1ccc(O)cc1,4.875463171698723,
CC/C(=C(\c1ccccc1)c1ccc(OCCN(C)C)cc1)c1ccccc1,4.857454115913724,
CC1CC(=O)c2ccc(N3CCN(C)CC3)cc2N1S(=O)(=O)c1ccc2ccccc2c1,6.866461091629782,
CCCCCCCCCC(=O)N1c2ccc(Cl)cc2N=C(N2CCN(C)CC2)c2ccccc21,6.110138278741811,
CCCCCCCCCC(=O)NCCCN1CCN(C2=Nc3cc(Cl)ccc3Nc3ccccc32)CC1,5.8371370066780734,
CCCCCCCCCC(=O)NN1c2ccc(Cl)cc2N=C(N2CCN(C)CC2)c2ccccc21,5.048711062722328,
CCCCCCNC(=O)/N=C(\N)NCCCc1nnc(N)s1.O=C(O)C(F)(F)F.O=C(O)C(F)(F)F,,0.0149
CCCCCNC(=O)/N=C(\N)NCCCc1cnc(N)s1.O=C(O)C(F)(F)F.O=C(O)C(F)(F)F,,0.0149
CCCCCNC(=O)/N=C(\N)NCCCc1nnc(N)s1.O=C(O)C(F)(F)F.O=C(O)C(F)(F)F,,0.0149
CCCC[C@H](NC(=O)CCCCCNC(=O)[C@H]1CC[C@@H]2c3[nH]c4ccccc4c3CCN2C1)C(=O)N[C@@H](Cc1c[nH]c2ccccc12)C(=O)N1C[C@@H](N)C[C@H]1C(N)=O,,600.0
CCCC[C@H](NC(=O)CCCCCNC(=O)[C@H]1CC[C@@H]2c3[nH]c4ccccc4c3CCN2C1)C(=O)N[C@@H](Cc1ccc(F)cc1)C(=O)N1C[C@@H](N)C[C@H]1C(N)=O,,500.0
CCCC[C@H](NC(=O)CCCCCNC(=O)[C@H]1CC[C@@H]2c3[nH]c4ccccc4c3CCN2C1)C(=O)N[C@@H](Cc1ccc(F)cc1)C(=O)N[C@@H](CCCCN)C(N)=O,,2000.0
CCCC[C@H](NC(=O)CCCCCNC(=O)[C@H]1CC[C@H]2c3[nH]c4ccccc4c3CCN2C1)C(=O)N[C@@H](Cc1ccc(O)cc1)C(=O)N[C@@H](CCCCN)C(N)=O,,6300.0
CCCC[C@H](NC(=O)[C@H]1CC[C@@H]2c3[nH]c4ccccc4c3CCN2C1)C(=O)N[C@@H](Cc1c[nH]c2ccccc12)C(=O)N[C@@H](CCCCN)C(N)=O,,900.0
CCCC[C@H](NC(=O)[C@H]1CC[C@@H]2c3[nH]c4ccccc4c3CCN2C1)C(=O)N[C@@H](Cc1ccc(F)c(F)c1)C(=O)N[C@@H](CCCCN)C(N)=O,,190.0
CCCC[C@H](NC(=O)[C@H]1CC[C@@H]2c3[nH]c4ccccc4c3CCN2C1)C(=O)N[C@@H](Cc1ccc(O)cc1)C(=O)N[C@@H](CCCCN)C(N)=O,,4700.0
CCCC[C@H](NC(=O)[C@H]1CC[C@H]2c3[nH]c4ccccc4c3CCN2C1)C(=O)N[C@@H](Cc1ccc(F)cc1)C(=O)N1C[C@@H](N)C[C@H]1C(N)=O,,5000.0
CCCCc1oc2ccccc2c1C(=O)c1cc(I)c(OCCN(CC)CC)c(I)c1,4.700013563865532,
CCCN(CCC)[C@@H]1Cc2cccc3c2n(c(=O)n3CCC)C1,6.801893001126599,
CCCN(CCC)[C@@H]1Cc2cccc3c2n(c(=O)n3CCCCNC(=O)c2cc3ccccc3[nH]2)C1,6.14697138528701,
CCCN(CCCCNC(=O)c1cc2ccccc2[nH]1)[C@@H]1Cc2cccc3c2n(c(=O)n3CCC)C1,5.526995035732729,
CCCN(CCc1ccccc1)C1CCc2c(O)cccc2C1.Cl,,4.32
CCCN1CCC(COc2nc3ccccc3c3c2CCCN3)CC1,5.468521082957745,
CCCN1CCc2cccc3c2[C@H]1Cc1ccc(O)c(O)c1-3,,20.0
CCCN1C[C@H](CSC)C[C@@H]2c3cccc4[nH]cc(c34)C[C@H]21,6.954677021213342,
CCCN[C@H]1CCc2nc(N)sc2C1,,0.0149
CCCn1c(-c2ccccc2)cc(C(=O)NCCCN2CCN(c3cccc(Cl)c3Cl)CC2)c1C,5.427593132441944,
CCN(CC)C(=O)N[C@H]1C=C2c3cccc4[nH]cc(c34)C[C@H]2N(C)C1,8.543633966870956,
CCN(CC)C(=O)[C@@H]1C=C2c3cccc4[nH]cc(c34)C[C@H]2N(C(=O)Nc2ccccc2)C1,5.798602875679549,
CCN(CC)C(=S)SSC(=S)N(CC)CC,4.6379324142726,
CCN(CC)CCNC(=O)c1cc(Cl)c(N)cc1OC,6.896196279044043,
CCN(CC)CCNC(=O)c1cc(S(C)(=O)=O)ccc1OC,5.909389292171593,
CCN1CCCC1CNC(=O)c1cc(S(=O)(=O)CC)c(N)cc1OC,8.823908740944319,
CCN1CCCC1CNC(=O)c1cc(S(=O)(=O)CC)c(NC)cc1OC,8.050609993355087,
CCN1CCCC1CNC(=O)c1cc(S(N)(=O)=O)ccc1OC,6.688246138944246,2.818
CCN1CCC[C@H]1CNC(=O)c1c(O)c(Cl)cc(Cl)c1OC,8.73754891026957,
CCN1CCC[C@H]1CNC(=O)c1c(OC)ccc(Br)c1OC,6.055517327849831,
CCN1CCC[C@H]1CNC(=O)c1cc(S(N)(=O)=O)ccc1OC,6.892790030352131,
CCOc1cc(N)c(Cl)cc1C(=O)NC[C@@H]1CCN2CCC[C@@H]12,5.275724130399211,
CCOc1ccc(CCNC(=O)N2CCN(CCCC(c3ccc(F)cc3)c3ccc(F)cc3)CC2)cc1,5.539102157243452,
CCOc1ccccc1N1CCN(CCCC(=O)NCc2nc3cc(F)ccc3c(=O)n2-c2ccc(OC)cc2)CC1,5.823908740944319,
CCOc1ccccc1N1CCN(CCCC(=O)NCc2nc3ccc(F)cc3c(=O)n2-c2ccc(OC)cc2)CC1,6.853871964321762,
CCOc1ccccc1N1CCN(CCCC(=O)NCc2nc3ccc(F)cc3c(=O)n2-c2ccccc2)CC1,6.0,
CC[C@@H](CO)NC(=O)[C@@H]1C=C2c3cccc4[nH]cc(c34)C[C@H]2N(C)C1,6.081445469449727,
CC[C@@H](CO)NC(=O)[C@@H]1C=C2c3cccc4c3c(cn4C)C[C@H]2N(C)C1,6.09312646527793,
CC[C@H](C)[C@@H](CO[C@@H](Cc1ccccc1)C(=O)N[C@@H](CCS(C)(=O)=O)C(=O)OC(C)C)NC[C@@H](N)CS,6.804100347590767,
CCc1ccc2c3c1CCN(C)[C@@H]3Cc1ccc(OC)c(OC)c1-2,7.549750891680639,
CCc1ccc2c3c1CCN(C)[C@H]3Cc1ccc(OC)c(OC)c1-2,7.389659288547843,
CN(C(=O)/C=C/c1ccccc1)C1CCN(Cc2ccccc2)CC1.O=C(O)/C=C/C(=O)O,5.1487416512809245,
CN(C(=O)C#Cc1ccccc1)C1CCN(Cc2ccccc2)CC1.O=C(O)/C=C/C(=O)O,5.309803919971486,
CN(C)C(=O)N[C@H]1CC[C@H](CCN2CCN(c3cccc(Cl)c3Cl)CC2)CC1,8.769551078621726,
CN(C)C(=O)N[C@H]1CC[C@H](CCN2CCc3cccc(Cl)c3C2)CC1,7.1487416512809245,
CN(C)CCC=C1c2ccccc2CCc2ccccc21,5.99610883376309,
CN(C)CCCN1c2ccccc2CCc2ccc(Cl)cc21,6.384049948343598,
CN(C)CCCN1c2ccccc2CCc2ccccc21,6.3872161432802645,
CN(C)CCCN1c2ccccc2Sc2ccc(Cl)cc21,7.267606240177031,
CN(C)CCCN1c2ccccc2Sc2ccccc21,6.296708621881338,
CN(C)Cc1c(C(=O)NCCCCN2CCN(c3cc(C(F)(F)F)nc(C(C)(C)C)n3)CC2)[nH]c2ccccc12,6.507239610973162,
CN(C)Cc1c(C(=O)NCCCCN2CCN(c3cc(C(F)(F)F)nc(C(C)(C)C)n3)CC2)nc2ccccn12,6.66354026615147,
CN(C)Cc1cccc2nc(C(=O)NCCCCN3CCN(c4cc(C(F)(F)F)nc(C(C)(C)C)n4)CC3)cn12,6.55129368009492,
CN(C)c1ccc(C(=C2C=CC(=[N+](C)C)C=C2)c2ccc(N(C)C)cc2)cc1.[Cl-],5.497846107128639,
CN(C)c1ccc(C2(O)CCN(CCCC(=O)c3ccc(F)cc3)CC2)cc1,,7.586
CN(CC#Cc1ccccc1)C1CCN(Cc2ccccc2)CC1.O=C(O)/C=C/C(=O)O,5.3872161432802645,
CN(CCC(=O)N1CCN(c2ccc(F)c(F)c2)CC1)CCC1c2ccccc2-c2ccccc21.Cl,,776.25
CN(CCC(=O)N1CCN(c2ccc(F)c(F)c2)CC1)CCC1c2ccccc2Oc2ccccc21,,489.78
CN1C(=O)CCc2ccc(CCN3CCN(c4cccc5sccc45)CC3)cc21,7.53313237964589,
CN1C(=O)COc2ccc(CCN3CCN(c4cccc5sccc45)CC3)cc21,7.570247719997592,
CN1CCC(=C2c3ccccc3C=Cc3ccccc32)CC1,6.785156151952302,
CN1CCCC[C@@H]1CCN1c2ccccc2Sc2ccc([S+](C)[O-])cc21,7.200659450546418,
CN1CCCC[C@H]1CCN1c2ccccc2Sc2ccc([S+](C)[O-])cc21,6.07727454200674,
CN1CCC[C@@H]1CCO[C@](C)(c1ccccc1)c1ccc(Cl)cc1,6.866461091629782,
CN1CCN(C2=Nc3cc(Cl)ccc3N(C(=O)CCCCCCC(=O)N3c4ccc(Cl)cc4N=C(N4CCN(C)CC4)c4ccccc43)c3ccccc32)CC1,5.5747919488613435,
CN1CCN(C2=Nc3cc(Cl)ccc3N(NC(=O)CCC(=O)N3CCN(C(=O)CCC(=O)NN4c5ccc(Cl)cc5N=C(N5CCN(C)CC5)c5ccccc54)CC3)c3ccccc32)CC1,5.791289980093599,
CN1CCN(C2=Nc3cc(Cl)ccc3N(NC(=O)CCC(=O)OCCOC(=O)CCC(=O)NN3c4ccc(Cl)cc4N=C(N4CCN(C)CC4)c4ccccc43)c3ccccc32)CC1,5.617622696531886,
CN1CCN(C2=Nc3cc(Cl)ccc3N(NC(=O)CCCC(=O)N3CCN(C(=O)CCCC(=O)N4CCN(C(=O)CCCC(=O)NN5c6ccc(Cl)cc6N=C(N6CCN(C)CC6)c6ccccc65)CC4)CC3)c3ccccc32)CC1,5.579549140893931,
CN1CCN(C2=Nc3cc(Cl)ccc3N(NC(=O)CCCCC(=O)NN3c4ccc(Cl)cc4N=C(N4CCN(C)CC4)c4ccccc43)c3ccccc32)CC1,5.6823544567788415,
CN1CCN(C2=Nc3cc(Cl)ccc3N(NC(=O)CCCCCCC(=O)NN3c4ccc(Cl)cc4N=C(N4CCN(C)CC4)c4ccccc43)c3ccccc32)CC1,5.61261017366127,
CN1CCN(C2=Nc3cc(Cl)ccc3Nc3ccc(OS(=O)(=O)C(F)(F)F)cc32)CC1,7.522878745280337,
CN1CCN(C2=Nc3cc(Cl)ccc3Nc3ccccc32)CC1,6.94692155651658,
CN1CCN(C2=Nc3ccccc3Nc3ccc(Cl)cc32)CC1,7.468521082957745,
CN1CCN(C2=Nc3ccccc3Nc3ccc(OS(=O)(=O)C(F)(F)F)cc32)CC1,6.853871964321762,
CN1CCN(C2=Nc3ccccc3Oc3ccc(Cl)cc32)CC1,7.267606240177031,
CN1CCN(C2=Nc3ccccc3Oc3ccc(OS(=O)(=O)C(F)(F)F)cc32)CC1,7.2839966563652006,
CN1CCN(C2=Nc3ccccc3Sc3ccc(OS(=O)(=O)C(F)(F)F)cc32)CC1,7.638272163982407,
CN1CCN(C2=c3ccccc3=Nc3ccc(Cl)cc3N2)CC1,5.1487416512809245,
CN1CCN(CCCN2c3ccccc3Sc3ccc(Cl)cc32)CC1,7.958607314841775,
CN1CCN2c3c(cccc31)[C@@H]1CN(CCCC(=O)c3ccc(F)cc3)CC[C@@H]12,8.387216143280265,
CN1CCc2cc(Br)cc3c2[C@H]1Cc1ccc(O)c(O)c1-3,,6.75
CN1CCc2cc(F)cc3c2[C@H]1Cc1ccc(O)c(O)c1-3,,0.43
CN1CCc2cc(N)cc3c2[C@H]1Cc1ccc(O)c(O)c1-3,,19.9
CN1CCc2cc(O)cc3c2[C@H]1Cc1ccc(O)c(O)c1-3,,1.1
CN1CCc2cccc3c2[C@H]1Cc1ccc(O)c(O)c1-3,6.931814138253838,24.0
CN1CCc2cccc3c2[C@H]1Cc1ccc(OCCCNC(=O)CCC(=O)NCCCOc2ccc4c(c2O)-c2cccc5c2[C@@H](C4)N(C)CC5)c(O)c1-3,5.360513510731414,
CN1CCc2cccc3c2[C@H]1Cc1ccc(OCCCNC(=O)CCCCC(=O)NCCCOc2ccc4c(c2O)-c2cccc5c2[C@@H](C4)N(C)CC5)c(O)c1-3,5.274088367704952,
CN1CCc2cccc3c2[C@H]1Cc1ccc(OCCCNC(=O)CCCCCCC(=O)NCCCOc2ccc4c(c2O)-c2cccc5c2[C@@H](C4)N(C)CC5)c(O)c1-3,5.443697499232712,
CN1CCc2cccc3c2[C@H]1Cc1ccc(OCCCNC(=O)CCCCCCCCC(=O)NCCCOc2ccc4c(c2O)-c2cccc5c2[C@@H](C4)N(C)CC5)c(O)c1-3,5.8696662315049934,
CN1CCc2cccc3c2[C@H]1Cc1ccc(OCCCNC(=O)CCCCCCCCCCC(=O)NCCCOc2ccc4c(c2O)-c2cccc5c2[C@@H](C4)N(C)CC5)c(O)c1-3,6.73754891026957,
CN1CCc2cccc3c2[C@H]1Cc1ccc(OCCCNC(=O)CCCCCCCCCCCCCCCCC(=O)NCCCOc2ccc4c(c2O)-c2cccc5c2[C@@H](C4)N(C)CC5)c(O)c1-3,5.571865205971211,
CN1CCc2cccc3c2[C@H]1Cc1ccc(OCCCNC(=O)CCCCCCCCCCCCCCCCCCC(=O)NCCCOc2ccc4c(c2O)-c2cccc5c2[C@@H](C4)N(C)CC5)c(O)c1-3,5.809668301829708,
CN1CCc2cccc3c2[C@H]1Cc1ccc(OCCCNC(=O)CCCCCNC(=O)OC(C)(C)C)c(O)c1-3,5.184422251675732,
CN1CN(c2ccccc2)C2(CCN(CCCC(=O)c3ccc(F)cc3)CC2)C1=O,,0.097
CN1C[C@H](C(=O)N2CCN(c3ccc4nonc4c3)CC2)C[C@@H]2c3cccc4[nH]c(Br)c(c34)C[C@H]21,,125.89
CN1C[C@H](C(=O)N2CCN(c3cccc(=O)n3C)CC2)C[C@@H]2c3cccc4[nH]c(Br)c(c34)C[C@H]21,,56.23
CN1C[C@H](C(=O)N[C@@H](Cc2ccc([N+](=O)[O-])cc2)C(=O)N[C@@H](CCC2CCCCC2)C(=O)N2CCCC(C(N)=O)C2)C=C2c3cccc4[nH]cc(c34)C[C@H]21,,300.0
CN1C[C@H](C(=O)N[C@@H](Cc2ccc([N+](=O)[O-])cc2)C(=O)N[C@@H](Cc2ccc(F)cc2)C(=O)N2CCCC(C(N)=O)C2)C=C2c3cccc4[nH]cc(c34)C[C@H]21,,20.0
CN1C[C@H](C(=O)N[C@]2(C)O[C@@]3(O)[C@@H]4CCCN4C(=O)[C@H](Cc4ccccc4)N3C2=O)C=C2c3cccc4[nH]cc(c34)C[C@H]21,8.366531544420413,
CN1C[C@H](C(=O)N[C@]2(C)O[C@@]3(O)[C@@H]4CCCN4C(=O)[C@H](Cc4ccccc4)N3C2=O)C[C@@H]2c3cccc4[nH]cc(c34)C[C@H]21,8.051587034221399,
CN1C[C@H](CNC(=O)OCc2ccccc2)C[C@@H]2c3cccc4c3c(cn4C)C[C@H]21,7.200659450546418,
CNC(=O)CN1CN(c2ccccc2)C2(CCN(Cc3cc4c(cc3Cl)OCO4)CC2)C1=O,5.673664139071249,
CNCCCC12CCC(c3ccccc31)c1ccccc12,5.460547508450539,
CNC[C@@H]1OCCc2ccsc21,4.619788758288394,
CN[C@@H]1Cc2cccc3c2n(c(=O)n3CCCCCCCCCCOCCCCc2ccccc2)C1,5.347995538413624,
CN[C@@H]1Cc2cccc3c2n(c(=O)n3CCCCOc2ccc3c(c2)NC(=O)CC3)C1,5.387004343967653,
CNc1cc[n+](CCNC(=O)c2ccn3c(-c4c(C)noc4C)cnc3c2)cc1.[Cl-],5.853871964321762,
COC(=O)CN(CC(=O)NCCOCCOCCNC(=O)CCC(=O)Nc1ccc(CCN2CN(c3ccccc3)C3(CCN(CCCC(=O)c4ccc(F)cc4)CC3)C2=O)cc1)CC(=O)NCCOCCOCCNC(=O)CCC(=O)Nc1ccc(CCN2CN(c3ccccc3)C3(CCN(CCCC(=O)c4ccc(F)cc4)CC3)C2=O)cc1,7.823908740944319,
COC(=O)CN(CC(=O)NCCOCCOCCNC(C)=O)CC(=O)NCCOCCOCCNC(=O)CCC(=O)Nc1ccc(CCN2CN(c3ccccc3)C3(CCN(CCCC(=O)c4ccc(F)cc4)CC3)C2=O)cc1,6.552841968657781,
COC(=O)[C@@H]1[C@H]2C[C@H]3c4[nH]c5ccccc5c4CCN3C[C@@H]2CC[C@@H]1O,5.686132779630847,
COC(CN1CCN(c2cccc3sccc23)CC1)c1cccc2c1OCC(=O)N2,7.181774106386045,
COC1(c2ccc(Cl)cc2)CCN(CCCC(=O)c2ccc(F)cc2)CC1,,1.862
COCC(C)(C)C(=O)NCCN1CC=C(c2cccc(C(F)(F)F)n2)CC1,5.655804284128565,
CO[C@@H]1[C@@H](OC)[C@H](C)[C@@](O)(CC(=O)O)O[C@H]1[C@H](C)[C@H]1O[C@@]2(CC[C@@](C)([C@H]3CC[C@@](C)([C@@H]4O[C@@H]([C@H]5O[C@](C)(O)[C@H](C)C[C@@H]5C)C[C@@H]4O[C@@H]4C[C@H](OC)[C@@H](OC)[C@H](C)O4)O3)O2)C[C@H](O)[C@H]1C,6.153662887870195,
COc1c(Cl)cccc1N1CCN(CCCCNC(=O)c2cnc3ccccc3c2)CC1,7.200659450546418,
COc1cc(C(C)=O)ccc1OCCCN1CCC(c2noc3cc(F)ccc23)CC1,6.958607314841775,
COc1cc(N)c(Cl)cc1C(=O)NC1CCN(CCCOc2ccc(F)cc2)CC1OC,6.6439741428068775,
COc1cc(N)c(Cl)cc1C(=O)NC[C@H]1CCN2CCC[C@H]12,5.4089353929735005,
COc1cc2c(N3CCN(CCc4ccc5c(c4)CCC(=O)N5)CC3)cccc2s1,8.093664958194909,
COc1cc2c(cc1O)C[C@@H]1c3c(ccc(O)c3O2)CCN1C,6.657577319177793,
COc1cc2c(cc1O)Oc1c(O)ccc3c1[C@H](C2)N(C)CC3,7.522878745280337,
COc1cc2c(cc1O)[C@@H]1Cc3c(CO)c(OC)cc(OC)c3CN1CC2,6.288648386605336,
COc1cc2c(cc1O)[C@@H]1Cc3cc(C)cc(C)c3CN1CC2,6.340911362957506,
COc1cc2c(cc1O)[C@@H]1Cc3cc4c(cc3CN1CC2)OCO4,7.040433953362072,
COc1cc2c(cc1O)[C@@H]1Cc3ccc(O)c(OC)c3CN1CC2,6.977118186667969,
COc1cc2c(cc1OC)Oc1c(O)ccc3c1[C@@H](C2)N(C)CC3,6.494850021680094,
COc1cc2c(cc1OC)[C@@H]1Cc3c(OC)ccc(OC)c3CN1CC2,5.7625568046245395,
COc1cc2c(cc1OC)[C@@H]1Cc3cc(C)cc(C)c3CN1CC2,5.937305226657607,
COc1cc2ncnc(Nc3cccc(Cl)c3F)c2cc1OC(=O)N1CCN(C)C[C@H]1C,6.098541678603888,
COc1ccc(-c2cccc(CN3CCN(c4ncccn4)CC3)c2)cc1,7.301029995663981,
COc1ccc(C(=O)N2CCN(CCOc3ccccc3OC)CC2)cc1,5.045757490560675,
COc1ccc(C2CC(=O)c3c(O)cc(OCCCCN4CCC(c5noc6cc(F)ccc56)CC4)cc3O2)cc1,7.289882634888183,
COc1ccc(C2CC(=O)c3c(O)cc(OCCCCN4CCN(c5ccccc5OC)CC4)cc3O2)cc1,6.688246138944246,
COc1ccc(C2CC(=O)c3c(O)cc(OCCCN4CCC(c5noc6cc(F)ccc56)CC4)cc3O2)cc1,6.935542010773082,
COc1ccc(C2CC(=O)c3c(O)cc(OCCCN4CCN(c5ccccc5OC)CC4)cc3O2)cc1,6.657577319177793,
COc1ccc(CCCN2CCN(C(=O)c3ccc(OC)cc3)CC2)cc1,5.173925197299173,
COc1ccc(CCN2CCC(Nc3nc4ccccc4n3Cc3ccc(F)cc3)CC2)cc1,5.344765492965706,
COc1ccc(CN2CCOC(CCc3ccccc3)C2)cc1,4.782516055786093,
COc1ccc(C[C@H](C)CN2C[C@@H]3CCCC[C@@H]3[C@H](C(=O)N3CCN(c4ccc(F)c(F)c4)CC3)C2)cn1.O=C(O)/C=C/C(=O)O,,741.31
COc1ccc(C[C@H]2c3cc(O)c(OC)cc3CCN2C)cc1O,6.327902142064282,
COc1ccc(OC)c(C(=O)NCCN2CCN(c3ccccc3OC)CC2)c1,6.6020599913279625,
COc1ccc(OC)c2c1C[C@H]1c3cc4c(cc3CCN1C2)OCO4,5.600663809744175,
COc1ccc(OCCCCN2CCN(C(=O)c3cc4ccccc4[nH]3)CC2)cc1,5.920818753952375,
COc1ccc(OCCCN2CCN(C(=O)c3cc4ccccc4[nH]3)CC2)cc1,6.1605219526258015,
COc1ccc(OCCCN2CCN(C(=O)c3ccc(Cl)cc3)CC2)cc1,5.045757490560675,
COc1ccc(OCCCN2CCN(C(=O)c3ccc(OC)cc3)CC2)cc1,5.187086643357144,
COc1ccc(OCCN(C)CCN(C)C(=O)c2ccc(OC)cc2)cc1,4.7447274948966935,
COc1ccc(OCCN2CCN(C(=O)c3cc4c(C)cccc4[nH]3)CC2)cc1,6.128427064454121,
COc1ccc(OCCN2CCN(C(=O)c3cc4ccccc4n3C)CC2)cc1,4.795880017344075,
COc1ccc(OCCN2CCN(C(=O)c3cc4ccccc4o3)CC2)cc1,5.113509274827518,
COc1ccc(OCCN2CCN(C(=O)c3cc4ccccc4s3)CC2)cc1,5.292429823902063,
COc1ccc(OCCN2CCN(C(=O)c3ccc(OC)cc3)CC2)cc1,4.853871964321762,
COc1ccc(OCCN2CCN(C(=O)c3ccc4[nH]ccc4c3)CC2)cc1,5.337242168318426,
COc1ccc2[nH]cc(CCCCN3CCN(c4cccc5sccc45)CC3)c2c1,8.074172425375258,
COc1ccc2[nH]cc(CCCN3CCN(c4cccc5sccc45)CC3)c2c1,6.265200170411153,
COc1ccc2[nH]cc(CCN3CCN(c4cccc5sccc45)CC3)c2c1,6.355561410532161,
COc1ccc2c(c1)C(CCCN1CCN(c3ccccc3OC)CC1)CCC2,6.823908740944319,
COc1ccc2c(c1)CC(NC(=O)CCN1CCN(c3ccccc3OC)CC1)CC2.Cl.Cl,6.187086643357144,
COc1ccc2c(c1)C[C@H]1c3cc(O)c(OC)cc3CCN1C2,6.058916115569636,
COc1ccc2c(c1OC)-c1c(Br)ccc3c1[C@@H](C2)N(C)CC3,7.517841304588724,
COc1ccc2c(c1OC)-c1c(Br)ccc3c1[C@H](C2)N(C)CC3,6.471726222832956,
COc1ccc2c(c1OC)-c1ccc(Br)c3c1[C@@H](C2)N(C)CC3,7.346112441929023,
COc1ccc2c(c1OC)-c1ccc(Br)c3c1[C@H](C2)N(C)CC3,5.708409174341998,
COc1ccc2c(c1OC)-c1ccc(C)c3c1[C@@H](C2)N(C)CC3,5.440213031799443,
COc1cccc(-c2cccc(CN3CCN(c4ncccn4)CC3)c2)c1,6.309803919971486,
COc1cccc(-c2csc(CCN3CCN(c4ccccc4OC)CC3)n2)c1.Cl,6.060480747381382,
COc1cccc(C(=O)CCCN2CCN(c3ccccc3OC)CC2)c1,7.886056647693163,
COc1cccc(C(=O)NCCN2CCN(c3ccccc3OC)CC2)c1,6.154901959985743,
COc1cccc(Nc2nc(Cc3ccccc3)nc3c2CCNCC3)c1.Cl,6.788345599446817,
COc1cccc(OCCN2CCN(C(=O)c3nc4ccccc4[nH]3)CC2)c1,5.698970004336019,
COc1ccccc1-c1cccc(CN2CCN(c3ncccn3)CC2)c1,6.443697499232712,
COc1ccccc1C(=O)NCCN1CCN(c2ccccc2OC)CC1,6.09151498112135,
COc1ccccc1N1CCN(C/C=C/CNC(=O)c2ccc(-c3ccccn3)cc2)CC1,6.756961951313706,
COc1ccccc1N1CCN(C/C=C/CNC(=O)c2ccc3c(c2)Cc2ccccc2-3)CC1,6.747146969020107,
COc1ccccc1N1CCN(CCC(=O)NC2CCc3c(cccc3OC)C2)CC1,6.118615343229427,
COc1ccccc1N1CCN(CCCC(=O)NCc2nc3ccc(F)cc3c(=O)n2-c2ccccc2)CC1,5.275724130399211,
COc1ccccc1N1CCN(CCCC2CCCc3c(OC)cccc32)CC1,7.698970004336019,
COc1ccccc1N1CCN(CCCCCCNC(=O)OC(C)(C)C)CC1,8.400116927926312,
COc1ccccc1N1CCN(CCCCCN2Cc3ccc4ccccc4c3C2=O)CC1,8.455931955649724,
COc1ccccc1N1CCN(CCCCNC(=O)c2cn3ccccc3n2)CC1,7.585026652029182,
COc1ccccc1N1CCN(CCCCOc2cc(O)c3c(c2)OC(c2ccc(C)cc2)CC3=O)CC1,6.460923901207224,
COc1ccccc1N1CCN(CCCCOc2cc(O)c3c(c2)OC(c2ccc(F)cc2)CC3=O)CC1,7.24184537803261,
COc1ccccc1N1CCN(CCCCOc2ccc3c(c2)NC(=O)CO3)CC1,9.008773924307505,
COc1ccccc1N1CCN(CCNC(=O)OC(C)(C)C)CC1,7.0301183562535,
COc1ccccc1N1CCN(CC[C@H]2CC[C@H](Nc3ncccn3)CC2)CC1,8.00436480540245,
COc1ccccc1OCCNCC(O)COc1cccc2[nH]c3ccccc3c12,6.835647144215563,
CSc1ccc2c(c1)N(CCC1CCCCN1C)c1ccccc1S2,7.455931955649724,
C[C@@H](CO)NC(=O)[C@@H]1C=C2c3cccc4[nH]cc(c34)C[C@H]2N(C)C1,6.258060922270801,
C[C@@H](NC(=O)/N=C(\N)NCCCc1ncn[nH]1)c1ccccc1.Cl.Cl,,0.0149
C[C@@H](NC(=O)/N=C(\N)NCCCc1nnc(N)s1)c1ccccc1.Cl.Cl,,0.0149
Cc1[nH]c(-c2ccccc2)cc1C(=O)NCCCN1CCN(c2cccc(Cl)c2Cl)CC1,5.970210529168144,
Cc1c(C#Cc2ccc(CN3CCC(CO)CC3)cc2)cc(C(F)F)c2cn(C(C(=O)Nc3nccs3)c3ncn4c3CCC43CC3)nc12,6.0,
Cc1c(C(=O)NCCCN2CCN(c3cccc(Cl)c3Cl)CC2)cc(-c2ccccc2)n1C,5.59482445378201,
Cc1c(C(=O)c2ccc(Cl)cc2)c2ccc(OC(F)(F)F)cc2n1Cc1cccc(O[C@H](C)C(=O)O)c1,5.449771646944906,
Cc1c(C)c2c(c(C)c1O)CCC(C)(CN1CCN(c3cc(N4CCCC4)nc(N4CCCC4)n3)CC1)O2,4.775725985705742,
Cc1cc(=O)oc2c(Cl)c(OCCCCN3CCC(c4noc5cc(F)ccc45)CC3)ccc12,7.580044251510242,
Cc1cc(N2CCN(C)CC2)c2c(c1)N(S(=O)(=O)c1ccc3ccccc3c1)C(C)CC2=O,5.748605149959896,
Cc1cc2c(s1)Nc1ccccc1N=C2N1CCN(C)CC1,6.928117992693874,
Cc1ccc(C2(O)CCN(CCCC(=O)c3ccc(F)cc3)CC2)cc1,,0.955
Cc1ccc(CC(C)CNC(=O)/N=C(\N)NCCCc2cnc(N)s2)cc1.O=C(O)C(F)(F)F.O=C(O)C(F)(F)F,,0.0149
Cc1ccc(CC(C)CNC(=O)/N=C(\N)NCCCc2nnc(N)s2)cc1.O=C(O)C(F)(F)F.O=C(O)C(F)(F)F,,0.0149
Cc1ccc(CN2CCC(n3c(O)nc4ccccc43)CC2)c(Cl)c1,6.318758762624412,
Cc1ccc(CN2CCN(CC(=O)N3c4ccccc4CC3C)CC2)cc1,6.7258421507363195,
Cc1ccc(CN2CCN(CC(=O)N3c4ccccc4C[C@H]3C)CC2)cc1,6.94692155651658,
Cc1cccc(-c2ccc(C(=O)NC/C=C/CN3CCN(c4cccc(Cl)c4Cl)CC3)cc2)n1,5.886056647693163,
Cc1cccc(C2=CCN(CCNC(=O)C3CCC(F)(F)CC3)CC2)n1,5.612966298717637,
Cc1cccc(N2CCN(CCCC(=O)NCc3nc4cc(F)ccc4c(=O)n3-c3ccccc3)CC2)c1C,5.823908740944319,
Cc1cccc(N2CCN(CCCC(=O)NCc3nc4ccc(F)cc4c(=O)n3-c3ccccc3)CC2)c1C,5.3979400086720375,
Cc1cccc(N2CCN(CCCC(=O)NCc3nc4ccccc4c(=O)n3-c3ccccc3)CC2)c1C,5.161150909262744,
Cc1ccccc1C(=O)CCCN1CCC(O)(c2ccc(Cl)cc2)CC1,,1.95
Cc1ccccc1CN1CCC(N2CCC(n3c(=O)[nH]c4ccccc43)CC2)CC1,5.576754126063192,
Cc1cccnc1-c1ccc(C(=O)NC/C=C/CN2CCN(c3cccc(Cl)c3Cl)CC2)cc1,6.434152181326482,
Cc1n[nH]c2ncc(C(=O)N3CCC[C@H]3c3ccc(Cl)cc3)cc12,5.070581074285707,
Cc1nc(C(=O)NCCCN2CCN(c3cccc(Cl)c3Cl)CC2)c(C)n1-c1ccccc1.Cl.Cl.Cl.Cl,5.86359655186601,
Cc1nc(C(=O)NCCN2CCN(c3cccc(Cl)c3Cl)CC2)c(C)n1-c1ccccc1.Cl.Cl.Cl.Cl,6.041914151478915,
Cc1nc2c(O)cccn2c(=O)c1CCN1CCN(c2cccc3sccc23)CC1,7.573488738635425,
Cc1nc2c(OCc3ccccc3)cccn2c(=O)c1CCN1CCN(c2cccc3sccc23)CC1,7.684029654543082,
Cc1nc2ccc(CCCCCN3CCN(c4cccc5sccc45)CC3)cc2c(=O)[nH]1,7.2949920406666635,
Cc1nc2ccc(CCN3CCN(c4cccc5sccc45)CC3)cc2c(=O)[nH]1,7.600326278518962,
Cc1nc2n(c(=O)c1CCN1CCC(c3cccc4sccc34)CC1)CCCC2,7.982966660701219,
Cc1nc2n(c(=O)c1CCN1CCC(c3cccc4sccc34)CC1)CCCC2O,7.122628654130226,
Cc1nc2n(c(=O)c1CCN1CCC(c3noc4cc(F)ccc34)CC1)CCCC2,7.698970004336019,
Cc1nc2n(c(=O)c1CCN1CCN(c3cc(F)cc4sccc34)CC1)CCCC2,7.982966660701219,
Cc1nc2n(c(=O)c1CCN1CCN(c3cccc4c3CCS4)CC1)CCCC2O,7.928117992693874,
Cc1nc2n(c(=O)c1CCN1CCN(c3cccc4sc(F)cc34)CC1)CCCC2O,6.718966632752272,
Cc1nc2n(c(=O)c1CCN1CCN(c3cccc4sccc34)CC1)CCC=C2,7.777283528852417,
Cc1nc2n(c(=O)c1CCN1CCN(c3cccc4sccc34)CC1)CCCC2,8.58335949266172,
Cc1nc2n(c(=O)c1CCN1CCN(c3cccc4sccc34)CC1)CCCC2(F)F,8.454692883534175,
Cc1nc2n(c(=O)c1CCN1CCN(c3cccc4sccc34)CC1)CCCC2=O,7.2441251443275085,
Cc1nc2n(c(=O)c1CCN1CCN(c3cccc4sccc34)CC1)CCCC2Cl,8.260427655549908,
Cc1nc2n(c(=O)c1CCN1CCN(c3cccc4sccc34)CC1)CCCC2F,8.478861916295964,
Cc1nc2n(c(=O)c1CCN1CCN(c3cccc4sccc34)CC1)CCCC2O,8.265200170411154,
Cc1nc2n(c(=O)c1CCN1CCN(c3cncc4sccc34)CC1)CCCC2O,6.017728766960431,
Cc1ncsc1CCN1CCN(c2cccc3sccc23)CC1,6.31695296176115,
Cl.Cl.Cn1c(=O)c2c(ncn2CCCN2CCN(C(c3ccc(F)cc3)c3ccc(F)cc3)CC2)n(C)c1=O,7.366531544420414,
Cl.Clc1ccc(N2CCN(Cc3c[nH]c4ncccc34)CC2)cc1,6.443697499232712,
Cl.Clc1cccc(Nc2nc(Cc3ccccc3)nc3c2CCNCC3)c1,7.066512712151295,
Cl.Fc1cccc(Nc2nc(Cc3ccccc3)nc3c2CCNCC3)c1,7.198596289982645,
Cl.NCCc1ccc(O)c(O)c1,4.0,
Cl.c1ccc(Cc2nc3c(c(Nc4ccccc4)n2)CCNCC3)cc1,6.833569886156718,
Cl.c1ccc([C@H]2C[C@@H]2CN2CCN(c3ccccn3)CC2)cc1,6.580044251510242,
Cl.c1ccc([C@H]2C[C@@H]2CN2CCN(c3ncccn3)CC2)cc1,6.115771230367396,
Clc1ccc(COC(Cn2ccnc2)c2ccc(Cl)cc2Cl)c(Cl)c1,4.902951034988869,
Clc1ccc(COC(Cn2ccnc2)c2ccc(Cl)cc2Cl)cc1,4.892552590476391,
Clc1ccc(N2CCN(C[C@@H]3C[C@H]3c3ccccc3)CC2)c(Cl)c1,7.1938200260161125,
Clc1ccc2c(c1)C(N1CCNCC1)=Nc1ccccc1O2,6.698970004336019,
Clc1ccccc1C(c1ccccc1)(c1ccccc1)n1ccnc1,4.914138826211549,
Cn1c(=O)[nH]c2cc(CCN3CCN(c4cccc5sccc45)CC3)ccc21,6.667561540084394,
Cn1c(=O)[nH]c2ccc(CCN3CCN(c4cccc5sccc45)CC3)cc21,7.628932137728263,
Cn1c(=O)c2c(ncn2CCCN2CCC(C(c3ccccc3)c3ccccc3)CC2)n(C)c1=O.O=C(O)/C=C/C(=O)O,7.3872161432802645,
Cn1c(=O)n(C)c2cc(CCN3CCN(c4cccc5sccc45)CC3)ccc21,8.034328028779893,
Fc1ccc(-c2cccc(CN3CCN(c4ncccn4)CC3)c2)cc1,7.309803919971486,
Fc1ccc(-c2cncc(CN3CCN(c4ccc(F)cc4)CC3)c2)cc1,7.154901959985743,
Fc1ccc(-c2cncc(CN3CCN(c4ccccc4)CC3)c2)cc1,7.638272163982407,
Fc1ccc(-c2cncc(CN3CCN(c4ccccc4F)CC3)c2)cc1,7.6020599913279625,
Fc1ccc(-c2cncc(CN3CCN(c4ccccn4)CC3)c2)cc1,7.221848749616356,
Fc1ccc(-c2cncc(CN3CCN(c4cnccn4)CC3)c2)cc1,6.346787486224656,
Fc1ccc(-c2cncc(CN3CCN(c4ncccn4)CC3)c2)cc1,6.920818753952375,
Fc1ccc(C(SCCNCCCc2ccccc2)c2ccc(F)cc2)cc1,5.698970004336019,
Fc1ccc(C(c2ccc(F)cc2)N2CCN(C/C=C/c3ccccc3)CC2)cc1,6.453457336521868,
Fc1ccc(N2CCN(CC[C@H]3CC[C@H](Nc4ncccn4)CC3)CC2)cc1,7.102372908709558,
Fc1ccc([Si]2(c3ccc(F)cc3)CCC(N3CCN(c4ccccc4)CC3)C2)cc1,7.0,
Fc1cccc(-c2cccc(CN3CCN(c4ncccn4)CC3)c2)c1,7.0915149811213505,
Fc1ccccc1-c1cccc(CN2CCN(c3ncccn3)CC2)c1,6.6020599913279625,
N#Cc1ccc(CCOC(=O)N2CCN(CCCC(c3ccc(F)cc3)c3ccc(F)cc3)CC2)cc1,5.649751981665837,
N#Cc1ccc(CCOC(=O)NC2CCN(CCCC(c3ccc(F)cc3)c3ccc(F)cc3)CC2)cc1,6.2588484011482155,
N#Cc1ccc2[nH]cc(CCCCN3CCN(c4cccc5sccc45)CC3)c2c1,7.098541678603888,
N#Cc1ccc2[nH]cc(CCCN3CCN(c4cccc5sccc45)CC3)c2c1,7.66354026615147,
N#Cc1ccc2[nH]cc(CCN3CCN(c4cccc5sccc45)CC3)c2c1,6.614393726401688,
N/C(=N\C(=O)NCCCCCCNC(=O)/N=C(\N)NCCCc1nnc(N)s1)NCCCc1nnc(N)s1.O=C(O)C(F)(F)F.O=C(O)C(F)(F)F.O=C(O)C(F)(F)F.O=C(O)C(F)(F)F,,0.0149
N/C(=N\C(=O)NCc1ccccc1)NCCCc1cnc(N)s1.O=C(O)C(F)(F)F.O=C(O)C(F)(F)F,,0.0149
N/C(=N\C(=O)NCc1ccccc1)NCCCc1nnc(N)s1.O=C(O)C(F)(F)F.O=C(O)C(F)(F)F,,0.0149
NC(=O)C1CCN(CCCN2c3ccccc3Sc3ccc(Cl)cc32)CC1,8.39254497678533,
NC(=O)C[S@@+]([O-])C(c1ccccc1)c1ccccc1,8.67778070526608,
NCCCCN(C[C@H]1Cc2ccccc2CN1)[C@H]1CCCc2cccnc21,5.2441251443275085,
NCCCCN(C[C@H]1Cc2cccnc2CN1)[C@H]1CCCc2cccnc21,5.0,
NCCCCN(C[C@H]1Cc2ncccc2CN1)[C@H]1CCCc2cccnc21,5.026872146400301,
NCCCCN(Cc1nc2ccccc2[nH]1)[C@H]1CCCc2cccnc21,5.3872161432802645,
NCCCC[C@H](NC(=O)[C@H](Cc1c[nH]c2ccccc12)NC(=O)[C@@H]1CCCN1C(=O)CCCCCNC(=O)[C@H]1CC[C@@H]2c3[nH]c4ccccc4c3CCN2C1)C(N)=O,,7000.0
NCCCC[C@H](NC(=O)[C@H](Cc1ccc(F)c(F)c1)NC(=O)[C@@H]1CCCN1C(=O)CCCCCNC(=O)[C@H]1CC[C@@H]2c3[nH]c4ccccc4c3CCN2C1)C(N)=O,,280.0
NCCCC[C@H](NC(=O)[C@H](Cc1ccc(F)c(F)c1)NC(=O)[C@H]1CCCN1C(=O)CCCCCNC(=O)[C@@H]1CC[C@H]2c3[nH]c4ccccc4c3CCN2C1)C(N)=O,,400.0
NCCCC[C@H](NC(=O)[C@H](Cc1ccc(F)c(F)c1)NC(=O)[C@H]1CCCN1C(=O)CCCCCNC(=O)[C@H]1CC[C@@H]2c3[nH]c4ccccc4c3CCN2C1)C(N)=O,,200.0
Nc1ccc2oc(=O)c(CN3CCCC3)cc2c1,4.788345599446817,
Nc1nc2c(CCN3CCN(c4cccc5sccc45)CC3)cccc2s1,6.6401645176601125,
Nc1nc2cc(CCN3CCN(c4cccc5sccc45)CC3)ccc2s1,8.224025668870631,
Nc1nc2ccc(CCN3CCN(c4cccc5sccc45)CC3)cc2s1,8.69680394257951,
Nc1nc2cccc(CCN3CCN(c4cccc5sccc45)CC3)c2s1,8.220403508742175,
O/N=C/c1cnn2ccc(OCCCCN3CCN(c4cccc(Cl)c4Cl)CC3)cc12,8.42021640338319,
O=C(/C=C/c1ccccc1)NC1CCN(Cc2ccccc2)CC1.O=C(O)/C=C/C(=O)O,5.327902142064282,
O=C(C#Cc1ccccc1)N(c1ccccc1)C1CCN(Cc2ccccc2)CC1.O=C(O)/C=C/C(=O)O,5.823908740944319,
O=C(C#Cc1ccccc1)NC1CCN(Cc2ccccc2)CC1.O=C(O)/C=C/C(=O)O,5.6020599913279625,
O=C(CCCCC(=O)NCCCN1CCN(C2=Nc3cc(Cl)ccc3Nc3ccccc32)CC1)NCCCN1CCN(C2=Nc3cc(Cl)ccc3Nc3ccccc32)CC1,7.060480747381382,
O=C(CCCCCCC(=O)NCCCN1CCN(C2=Nc3cc(Cl)ccc3Nc3ccccc32)CC1)NCCCN1CCN(C2=Nc3cc(Cl)ccc3Nc3ccccc32)CC1,7.638272163982407,
O=C(CCCCCCCCC(=O)NCCCN1CCN(C2=Nc3cc(Cl)ccc3Nc3ccccc32)CC1)NCCCN1CCN(C2=Nc3cc(Cl)ccc3Nc3ccccc32)CC1,7.356547323513812,
O=C(CCCCCCCCCCC(=O)NCCCN1CCN(C2=Nc3cc(Cl)ccc3Nc3ccccc32)CC1)NCCCN1CCN(C2=Nc3cc(Cl)ccc3Nc3ccccc32)CC1,5.9511699134716505,
O=C(CCCCCCCCCCCCC(=O)NCCCN1CCN(C2=Nc3cc(Cl)ccc3Nc3ccccc32)CC1)NCCCN1CCN(C2=Nc3cc(Cl)ccc3Nc3ccccc32)CC1,4.958607314841775,
O=C(CCCCCCCCCCCCCCCCC(=O)NCCCN1CCN(C2=Nc3cc(Cl)ccc3Nc3ccccc32)CC1)NCCCN1CCN(C2=Nc3cc(Cl)ccc3Nc3ccccc32)CC1,5.107905397309519,
O=C(CCCCN1CCC(O)(c2ccc(Cl)cc2)CC1)c1ccc(F)cc1,,12.88
O=C(CCCN1CC=C(c2ccc(Cl)cc2)CC1)c1ccc(F)cc1,,10.0
O=C(CCCN1CC=C(n2c(=O)[nH]c3ccccc32)CC1)c1ccc(F)cc1,8.61852390972497,
O=C(CCCN1CCC(O)(c2c(Cl)cccc2Cl)CC1)c1ccc(F)cc1,,2.089
O=C(CCCN1CCC(O)(c2cc(Cl)cc(Cl)c2)CC1)c1ccc(F)cc1,,0.537
O=C(CCCN1CCC(O)(c2cc(Cl)ccc2Cl)CC1)c1ccc(F)cc1,,1.047
O=C(CCCN1CCC(O)(c2ccc(C(F)(F)F)cc2)CC1)c1ccc(F)cc1,,0.4571
O=C(CCCN1CCC(O)(c2ccc(Cl)c(Cl)c2)CC1)c1ccc(F)cc1,,0.1445
O=C(CCCN1CCC(O)(c2ccc(Cl)cc2)CC1)c1c(F)cccc1F,,60.26
O=C(CCCN1CCC(O)(c2ccc(Cl)cc2)CC1)c1cc(F)cc(F)c1,,213.8
O=C(CCCN1CCC(O)(c2ccc(Cl)cc2)CC1)c1cc(F)ccc1F,,141.25
O=C(CCCN1CCC(O)(c2ccc(Cl)cc2)CC1)c1ccc(Cl)cc1,,5.012
O=C(CCCN1CCC(O)(c2ccc(Cl)cc2)CC1)c1ccc(F)c(F)c1,,7.413
O=C(CCCN1CCC(O)(c2ccc(Cl)cc2)CC1)c1ccc(F)cc1,8.397940008672037,0.4898
O=C(CCCN1CCC(O)(c2ccc(Cl)cc2)CC1)c1ccc(F)cc1F,,120.23
O=C(CCCN1CCC(O)(c2ccc(Cl)cc2)CC1)c1cccc(F)c1,,40.74
O=C(CCCN1CCC(O)(c2ccc(Cl)cc2)CC1)c1cccc(F)c1F,,52.48
O=C(CCCN1CCC(O)(c2ccc(Cl)cc2)CC1)c1ccccc1,,1.778
O=C(CCCN1CCC(O)(c2ccc(Cl)cc2)CC1)c1ccccc1Cl,,3.388
O=C(CCCN1CCC(O)(c2ccc(Cl)cc2)CC1)c1ccccc1F,,10.23
O=C(CCCN1CCC(O)(c2ccc(Cl)cc2Cl)CC1)c1ccc(F)cc1,,2.399
O=C(CCCN1CCC(O)(c2ccc(F)cc2)CC1)c1ccc(Cl)cc1,,18.62
O=C(CCCN1CCC(O)(c2ccc(F)cc2)CC1)c1ccc(F)cc1,,3.02
O=C(CCCN1CCC(O)(c2cccc(Cl)c2)CC1)c1ccc(F)cc1,,1.0
O=C(CCCN1CCC(O)(c2cccc(Cl)c2Cl)CC1)c1ccc(F)cc1,,0.1445
O=C(CCCN1CCC(O)(c2ccccc2)CC1)c1ccc(F)cc1,,8.511
O=C(CCCN1CCC(O)(c2ccccc2)CC1)c1ccccc1,,30.9
O=C(CCCN1CCC(O)(c2ccccc2-c2ccccc2Cl)CC1)c1ccc(F)cc1,,2.692
O=C(CCCN1CCC(O)(c2ccccc2Cl)CC1)c1ccc(F)cc1,,3.236
O=C(CCCN1CCC(c2ccc(Cl)cc2)CC1)c1ccc(F)cc1,,1.905
O=C(CCCN1CCC(c2ccccc2)CC1)c1ccc(F)cc1,,7.943
O=C(CCCN1CCC2(CC1)C(=O)NCN2c1ccccc1)c1ccc(F)cc1,8.896196279044043,0.16
O=C(CCCN1CCC2(c3ccc(Cl)cc3)CC2C1)c1ccc(F)cc1,,0.1445
O=C(CCCN1CCN(c2ccc(Cl)cc2)CC1)c1ccc(F)cc1,,28.18
O=C(CCCN1CCN(c2cccc(C(F)(F)F)c2)CC1)NCc1nc2cc(F)ccc2c(=O)n1-c1ccccc1,5.180456064458131,
O=C(CCCN1[C@@H]2CC[C@H]1CC(O)(c1ccc(Cl)cc1)C2)c1ccc(F)cc1,,0.05495
O=C(CCN1CCC(O)(c2ccc(Cl)cc2)CC1)c1ccc(F)cc1,,144.54
O=C(CN1CCN(Cc2ccc(Cl)cc2)CC1)N1CCc2ccccc21,6.161150909262744,
O=C(NC/C=C/CN1CCN(c2cccc(Cl)c2Cl)CC1)c1ccc(-c2cccc(=O)[nH]2)cc1,7.3872161432802645,
O=C(NC/C=C/CN1CCN(c2cccc(Cl)c2Cl)CC1)c1ccc(-c2cccc[n+]2[O-])cc1,7.6401645176601125,
O=C(NCC(O)CCN1CCN(c2cccc(Cl)c2Cl)CC1)c1ccc(-c2ccccn2)cc1,7.054039296422431,
O=C(NCCC(F)CN1CCN(c2cccc(Cl)c2Cl)CC1)c1cc2ccccc2o1,,0.03
O=C(NCCC(O)CN1CCN(c2cccc(Cl)c2Cl)CC1)c1cc2ccccc2[nH]1,5.356547323513812,
O=C(NCCC(O)CN1CCN(c2cccc(Cl)c2Cl)CC1)c1ccc(-c2ccccn2)cc1,7.801342913045577,
O=C(NCCC(O)CN1CCN(c2cccc3ccccc23)CC1)c1cnc2ccccc2c1,6.142667503568731,
O=C(NCCCCN1CCN(c2cccc(C(F)(F)F)c2)CC1)c1cn2ccccc2n1,7.221848749616356,
O=C(NCCCCN1CCN(c2cccc(Cl)c2Cl)CC1)c1cc2cc(F)ccc2[nH]1,6.24841299491769,
O=C(NCCCCN1CCN(c2cccc(Cl)c2Cl)CC1)c1cn2ccccc2n1,7.259637310505756,
O=C(NCCCCN1CCN(c2cccc3ccccc23)CC1)c1cc2ccccc2[nH]1,7.060480747381382,
O=C(NCCCCN1CCN(c2cccc3ccccc23)CC1)c1cnc2ccccc2c1,7.537602002101044,
O=C(NCCCCN1CCN(c2ccnc3ccccc23)CC1)c1cn2ccccc2n1,6.79317412396815,
O=C(NCCCCN1CCN(c2ncnc3ccccc23)CC1)c1cn2ccccc2n1,6.605548319173783,
O=C(NCCN1CC=C(c2cccc(C(F)(F)F)n2)CC1)C1CCC(F)(F)CC1,6.447331783887806,
O=C(NCCN1CC=C(c2cccc(C(F)(F)F)n2)CC1)C1CCCOC1,5.772627557710363,
O=C(NCCN1CCC(c2cccc(C(F)(F)F)n2)CC1)C1CCC(F)(F)CC1,5.941573975542995,
O=C(NCCN1CCC(c2cccc(C(F)(F)F)n2)CC1)C1CCCO1,5.477947199131178,
O=C(NCCN1CCC(c2cccc(C(F)(F)F)n2)CC1)[C@H]1C[C@@H]2CC[C@H]1O2,5.66354026615147,
O=C(NCCN1CCC(c2cccc(OC(F)(F)F)n2)CC1)C1CCOCC1,5.606951533583222,
O=C(NCCN1CCC(n2c(=O)[nH]c3cc(Cl)ccc32)CC1)c1ccc(F)cc1,8.154901959985743,
O=C(Nc1ccc2[nH]cc(C3CCN(CCCCCCCN4CCC(c5c[nH]c6ccc(NC(=O)c7ccc(F)cc7)cc56)CC4)CC3)c2c1)c1ccc(F)cc1,6.154901959985743,
O=C(OCCc1ccc(F)cc1)N1CCN(CCCC(c2ccc(F)cc2)c2ccc(F)cc2)CC1,5.581698708680255,
O=C(c1cc2ccccc2[nH]1)N1CCN(CCOc2ccc(F)cc2)CC1,5.013228265733755,
O=C(c1cc2ccccc2[nH]1)N1CCN(CCOc2ccc3[nH]ccc3c2)CC1,6.356547323513812,
O=C(c1cc2ccccc2[nH]1)N1CCN(CCOc2ccc3cc[nH]c3c2)CC1,6.356547323513812,
O=C(c1cc2ccccc2[nH]1)N1CCN(CCOc2ccccc2)CC1,6.2716462179787715,
O=C(c1cc2ccccc2s1)N1CCN(CCOc2cccnc2)CC1,5.6777807052660805,
O=C(c1ccc(OCCN2CCCCC2)cc1)c1c(-c2ccc(O)cc2)sc2cc(O)ccc12,5.930331903088405,
O=C1CC(c2ccc(F)cc2)Oc2cc(OCCCCN3CCC(c4noc5cc(F)ccc45)CC3)cc(O)c21,7.05700040663396,
O=C1CC2(CCCC2)CC(=O)N1CCCCN1CCN(c2ncccn2)CC1,6.490797477668897,
O=C1CCc2cc(CCCCN3CCC(c4cccc5sccc45)CC3)ccc2N1,7.005243055412372,
O=C1CCc2cc(CCCCN3CCN(c4cccc5sc(F)cc45)CC3)ccc2N1,8.97469413473523,
O=C1CCc2cc(CCCCN3CCN(c4cccc5sccc45)CC3)ccc2N1,7.621602099051862,
O=C1CCc2cc(CCN3CCC(c4cccc5sccc45)CC3)ccc2N1,7.906578314837764,
O=C1CCc2cc(CCN3CCN(c4cccc5sc(F)cc45)CC3)ccc2N1,8.110138278741811,
O=C1CCc2cc(Cl)c(CCN3CCN(c4cccc5sccc45)CC3)cc2N1,7.090443970758825,
O=C1CCc2ccc(C(O)CCCCN3CCN(c4cccc5sccc45)CC3)cc2N1,8.342944147142896,
O=C1CCc2ccc(CCCCN3CCN(c4cccc5sccc45)CC3)cc2N1,8.665546248849068,
O=C1CCc2ccc(CCN3CCC(c4cccc5sccc45)CC3)cc2N1,7.982966660701219,
O=C1CCc2ccc(CCN3CCN(c4cc(F)cc5sccc45)CC3)cc2N1,8.274088367704952,
O=C1CCc2ccc(CCN3CCN(c4cccc5sc(F)cc45)CC3)cc2N1,8.531652669587842,
O=C1CCc2ccc(CCN3CCN(c4cccc5sccc45)CC3)cc2N1,8.064492734175287,
O=C1CCc2ccc(OCCCCN3CCN(c4cccc(Cl)c4Cl)CC3)cc2N1,7.958607314841775,
O=C1COc2c(F)cc(CCCCN3CCN(c4cccc5sccc45)CC3)cc2N1,7.87942606879415,
O=C1COc2c(F)cc(CCN3CCN(c4cccc5sccc45)CC3)cc2N1,7.099086932262331,
O=C1COc2cc(F)c(CCN3CCN(c4cccc5sccc45)CC3)cc2N1,7.209714835966758,
O=C1COc2ccc(CCCCN3CCN(c4cccc5sccc45)CC3)cc2N1,7.51999305704285,
O=C1COc2ccc(CCN3CCC(c4cccc5sccc45)CC3)cc2N1,8.166852888087215,
O=C1COc2ccc(CCN3CCN(c4cc(F)cc5sccc45)CC3)cc2N1,7.341035157335565,
O=C1COc2ccc(CCN3CCN(c4cccc5sccc45)CC3)cc2N1,7.465973893943865,
O=C1COc2ccc(OCCCCN3CCN(c4cccc(Cl)c4Cl)CC3)cc2N1,8.707743928643524,
O=C1CSc2ccc(CCN3CCN(c4cccc5sccc45)CC3)cc2N1,7.032920265855503,
O=C1Cc2c(CCN3CCN(c4cccc5sccc45)CC3)cccc2N1,7.156144577376839,
O=C1Cc2cc(C(O)CN3CCN(c4cccc5sccc45)CC3)ccc2N1,6.71669877129645,
O=C1Cc2cc(CCCCN3CCN(c4cccc5sc(F)cc45)CC3)ccc2N1,8.735182176990463,
O=C1Cc2cc(CCCCN3CCN(c4cccc5sccc45)CC3)ccc2N1,7.55129368009492,
O=C1Cc2cc(CCN3CCC(c4cccc5sccc45)CC3)c(Cl)cc2N1,7.284832642151542,
O=C1Cc2cc(CCN3CCC(c4cccc5sccc45)CC3)ccc2N1,7.962573502059376,
O=C1Cc2cc(CCN3CCN(c4cc(F)cc5sccc45)CC3)ccc2N1,7.962573502059376,
O=C1Cc2cc(CCN3CCN(c4cccc5c4CCS5)CC3)c(Cl)cc2N1,7.244887733604929,
O=C1Cc2cc(CCN3CCN(c4cccc5ccccc45)CC3)ccc2N1,7.356547323513812,
O=C1Cc2cc(CCN3CCN(c4cccc5sc(F)cc45)CC3)c(Cl)cc2N1,7.214670164989233,
O=C1Cc2cc(CCN3CCN(c4cccc5sc(F)cc45)CC3)ccc2N1,8.41228903498109,
O=C1Cc2cc(CCN3CCN(c4cccc5sccc45)CC3)c(Cl)cc2N1,7.889410289700751,
O=C1Cc2cc(CCN3CCN(c4cccc5sccc45)CC3)ccc2N1,8.054039296422431,
O=C1Cc2cc(CCN3CCN(c4cncc5sccc45)CC3)c(Cl)cc2N1,6.568636235841012,
O=C1Cc2cc(CCN3CCN(c4nsc5ccccc45)CC3)c(Cl)cc2N1,8.301029995663981,
O=C1NCN(c2ccccc2)C12CCN(Cc1ccc3c(c1)OCO3)CC2,6.2541448048262716,
O=C1NCN(c2ccccc2)C12CCN(Cc1ccc3nsnc3c1)CC2,6.910094888560602,
O=C1NCN(c2ccccc2)C12CCN(Cc1cccc(Oc3ccccc3)c1)CC2,6.269217724333611,
O=C1N[C@@H]2[C@@H](CS[C@@H]2CCCCCN2CCN(c3cccc4sccc34)CC2)N1,7.421360790031928,
O=C1Nc2ccccc2OC1CCN1CCN(c2cccc3sccc23)CC1,6.943095148663527,
O=Cc1cc2cc(OCCCCN3CCN(c4cccc(Cl)c4Cl)CC3)ccn2n1,7.657577319177793,
O=Cc1cnn2ccc(OCCCCN3CCN(c4cccc(Cl)c4Cl)CC3)cc12,6.443697499232712,
O=S1(=O)NCCc2ccc(CCN3CCN(c4cccc5sccc45)CC3)cc21,7.844663962534938,
O=c1[nH]c(CCN2CCN(c3cccc4sccc34)CC2)nc2ccccc12,6.665546248849069,
O=c1[nH]c2cc(F)ccc2n1C1CCN(C2CCN(Cc3ccccc3C(F)(F)F)CC2)CC1,5.570247719997592,
O=c1[nH]c2ccc(CCN3CCN(c4cccc5sc(F)cc45)CC3)cc2[nH]1,8.160521952625801,
O=c1[nH]c2ccc(CCN3CCN(c4cccc5sccc45)CC3)cc2[nH]1,7.709965388637482,
O=c1[nH]c2ccc(CCN3CCN(c4cccc5sccc45)CC3)cc2o1,8.262807357295262,
O=c1[nH]c2ccc(CCN3CCN(c4cccc5sccc45)CC3)cc2s1,7.311580177997289,
O=c1[nH]c2ccccc2n1C1CCN(C2CCN(Cc3ccccc3Cl)CC2)CC1,5.686132779630847,
O=c1[nH]c2ccccc2n1C1CCN(C2CCN(Cc3ccccc3[N+](=O)[O-])CC2)CC1,5.94692155651658,
O=c1[nH]c2ccccc2n1C1CCN(CCCC(c2ccc(F)cc2)c2ccc(F)cc2)CC1,,29.0
O=c1[nH]c2ccccc2n1CCCN1CCC(n2c(=O)[nH]c3cc(Cl)ccc32)CC1,8.577246058698652,
O=c1[nH]cnc2ccc(CCCCCN3CCN(c4cccc5sccc45)CC3)cc12,6.489454989793388,
O=c1ccc2ccc(CCCCCN3CCN(c4cccc5sccc45)CC3)cc2[nH]1,7.991399828238082,
O=c1ccc2ccc(CCCCN3CCN(c4cccc5sccc45)CC3)cc2[nH]1,7.448550002027125,
O=c1ccc2ccc(CCN3CCN(c4cc(F)cc5sccc45)CC3)cc2[nH]1,6.97469413473523,
O=c1ccc2ccc(CCN3CCN(c4cccc5c4CCS5)CC3)cc2[nH]1,7.070070439915412,
O=c1ccc2ccc(CCN3CCN(c4cccc5sc(F)cc45)CC3)cc2[nH]1,8.075720713938118,
O=c1ccc2ccc(CCN3CCN(c4cccc5sccc45)CC3)cc2[nH]1,8.151195298948196,
O=c1ccc2ccc(CCN3CCN(c4cncc5sccc45)CC3)cc2[nH]1,6.617982957425132,
OC(CCCN1CCC(O)(c2ccc(Cl)cc2)CC1)c1ccc(F)cc1,,91.2
OC(CCCN1CCCCC1)(c1ccccc1)c1ccccc1,5.482804102050025,
OC1(c2ccc(Cl)cc2)CCN(CC#Cc2ccc(F)cc2)CC1,,288.4
OC1(c2ccc(Cl)cc2)CCN(CC/C=C/c2ccc(F)cc2)CC1,,11.48
OC1(c2ccc(Cl)cc2)CCN(CC/C=C\c2ccc(F)cc2)CC1,,32.36
OC1(c2ccc(Cl)cc2)CCN(CCC#Cc2ccc(F)cc2)CC1,,70.79
OC1(c2ccc(Cl)cc2)CCN(CCCC#Cc2ccc(F)cc2)CC1,,17.78
OC1(c2ccc(Cl)cc2)CCN(CCCCCc2ccc(F)cc2)CC1,,21.88
OC1(c2ccc(Cl)cc2)CCN(CCCCc2ccc(F)cc2)CC1,,6.761
OC1(c2ccc(Cl)cc2)CCN(CCCOc2ccc(F)cc2)CC1,,0.7943
OC1(c2ccc(Cl)cc2)CCN(CCCSc2ccc(F)cc2)CC1,,1.95
OC1(c2ccc(Cl)cc2)CCN(CCCc2ccc(F)cc2)CC1,,66.07
OC1(c2ccc(Cl)cc2)CCN(CC[C@H]2C[C@@H]2c2ccc(F)cc2)CC1,,1.514
OC1(c2ccc(Cl)cc2)CCN(CC[C@H]2C[C@H]2c2ccc(F)cc2)CC1,,30.9
OCCN1CCN(CCCN2c3ccccc3Sc3ccc(C(F)(F)F)cc32)CC1,8.791558643561432,
OCCN1CCN(CCCN2c3ccccc3Sc3ccc(Cl)cc32)CC1,9.522878745280337,
OCCOCCN1CCN(C2=Nc3ccccc3Sc3ccccc32)CC1,5.876181013981003,
OC[C@H]1O[C@H](Oc2ccc(CC3NCCc4cc(O)c(O)cc43)cc2)[C@H](O)[C@H](O)[C@H]1O,5.616184634019569,
Oc1cc2c(cc1O)[C@@H](c1ccccc1)CNCC2,,9500.0
Oc1ccc(CN2CCO[C@H](CCc3ccccc3)C2)cc1,4.782516055786093,
Oc1ccc2c(c1)CCN2,5.987162775294828,
S=C1CCc2ccc(CCN3CCN(c4cccc5sccc45)CC3)cc2N1,7.962573502059376,
c1c2c(cc3c1OCO3)CN1CCc3cc4c(cc3[C@@H]1C2)OCO4,5.90678850818634,
c1cc(N2CCN(CCCCc3nnnn3C3CCCCC3)CC2)c2ccsc2c1,8.0268721464003,
c1cc(N2CCN(CCc3ccc4ncsc4c3)CC2)c2ccsc2c1,7.573488738635425,
c1ccc([C@H]2C[C@@H]2CN2CCN(c3ccccc3)CC2)cc1,7.431798275933005,
c1ccc2[nH]c(CN3CCN(c4cccc5sccc45)CC3)nc2c1,6.995678626217357,
c1ccc2sc(SSc3nc4ccccc4s3)nc2c1,5.231657941355467,
c1cnc(N2CCN(Cc3cccc(-c4ccsc4)c3)CC2)nc1,6.522878745280337,
c1cnc(N2CCN(Cc3cccc4c3-c3ccccc3C4)CC2)nc1,5.638272163982407,
c1cnc(N2CCN(Cc3cccc4c3Cc3ccccc3-4)CC2)nc1,5.008773924307505,
c1cnc2c(c1)CN[C@@H](CN(CCCC1CCNCC1)[C@H]1CCCc3cccnc31)C2,5.008773924307505,
