fingerprint,model,accuracy,sensitivity,specificity,auc
maccs,RF,0.7471264367816092,0.8333333333333334,0.6060606060606061,0.8173400673400674
maccs,SVM,0.7471264367816092,0.8518518518518519,0.5757575757575758,0.834455667789001
maccs,ANN,0.735632183908046,0.7777777777777778,0.6666666666666666,0.7783389450056115
morgan2,RF,0.7931034482758621,0.8888888888888888,0.6363636363636364,0.8490460157126822
morgan2,SVM,0.735632183908046,0.9259259259259259,0.42424242424242425,0.8260381593714927
morgan2,ANN,0.8160919540229885,0.8703703703703703,0.7272727272727273,0.8411896745230079
morgan3,RF,0.7931034482758621,0.9074074074074074,0.6060606060606061,0.8695286195286196
morgan3,SVM,0.7126436781609196,0.9629629629629629,0.30303030303030304,0.8120089786756453
morgan3,ANN,0.7816091954022989,0.8333333333333334,0.696969696969697,0.8288439955106621
