fingerprint,model,rmse,mae,r2,pearson_r
maccs,RF,0.8002140076695381,0.6350495216974996,0.40799884017637933,0.6480287059768267
maccs,SVR,0.8188836614749512,0.6362058287446715,0.38005284555121044,0.6173926601210433
maccs,ANN,0.9674926666165333,0.6616208246638999,0.13462245372920056,0.55717211216973
morgan2,RF,0.7313160420826409,0.5748892644238801,0.5055521883216463,0.7152952615913575
morgan2,SVR,0.7004040044046009,0.5601416064240549,0.5464684548306413,0.7410131506867101
morgan2,ANN,0.8941584856267911,0.701264000701817,0.2608386268820083,0.6883686458122587
morgan3,RF,0.7088438449888438,0.5519161124556076,0.5354725269423704,0.7345626732448213
morgan3,SVR,0.7003795646811423,0.5692160933499222,0.5465001051127344,0.741038335564095
morgan3,ANN,0.9579342636860583,0.7437685560263233,0.15163708863992964,0.6650607727752961
